cancelar;tipo
065722024014109930000037000003;endo
065722024014709930000042000002;endo
065722024012209930000007000001;endo
065722024012209930000007000002;endo
065722024012209930000007000003;endo
065722024012209930000007000004;endo
065722024012209930000007000005;endo
065722024005209930000035000010;endo
065722024013709930000034000003;endo
065722024002009820000007000006;endo
065722024012109930000011000002;endo
065722024001909930000137000003;endo
065722024002109930000186000004;endo
065722024013509930000865000001;endo
065722024002009930000326000001;endo
065722024001909930000181000002;endo
065722024005709930000085000001;endo
9300132957140286;endo
9300147095199204;endo
9300152304111927;endo
9300153672148068;endo
7700000473107328;endo
9300136024154078;endo
9300136024158752;endo
9300136024160706;endo
9300136024192364;endo
9300136024100698;endo
9300144984175139;endo
7700000515108258;endo
9300063064123401;endo
9300123585117372;endo
9300094395166056;endo
9300111531117248;endo
9300111531126189;endo
065722024004909930000002000001;endo
065722024013509930000004000005;endo
065722024013609930000002000004;endo
065722024013509820000003000004;endo
065722024002409930000117000003;endo
065722024001009930000033000002;endo
065722024001009930000033000009;endo
065722024001009930000029000004;endo
065722024001009930000029000008;endo
065722024001009930000029000011;endo
065722024001009930000029000013;endo
065722024002709930000033000006;endo
065722024006209930000050000004;endo
065722024011409930000054000001;endo
065722024004609930000054000003;endo
065722024004609930000054000040;endo
065722024004609930000054000042;endo
065722024014609930000011000001;endo
065722024004909930000345000014;endo
065722024014209820000003000001;endo
065722024004909930000099000005;endo
065722024004909930000099000007;endo
065722024004909930000099000008;endo
065722024013509930000127000002;endo
065722024004109930000036000001;endo
065722024010909930000103000005;endo
065722024010809930000001000002;endo
065722024010809930000001000017;endo
065722024010809930000001000018;endo
065722024013609930000076000001;endo
065722024003509930000059000001;endo
065722024003509930000059000007;endo
065722024003509930000059000009;endo
065722024003509930000059000011;endo
065722024003509930000059000013;endo
065722024003509930000059000015;endo
065722024003509930000059000017;endo
065722024003509930000059000021;endo
065722024002409930000077000003;endo
065722024001009820000007000004;endo
065722024000809930000049000002;endo
065722024000809930000049000012;endo
065722024014109930000037000001;endo
065722024014009930000035000002;endo
065722024014009930000035000005;endo
065722024002009930000037000001;endo
065722024000709930000074000009;endo
065722024001909930000033000005;endo
065722024001909930000033000008;endo
065722024003509930000087000007;endo
065722024003509930000087000011;endo
065722024004909930000139000002;endo
065722024004909930000139000005;endo
065722024004909930000139000013;endo
065722024004909930000139000016;endo
065722024004909930000139000020;endo
065722024004909930000139000023;endo
065722024000709930000071000047;endo
065722024000709930000071000076;endo
065722024000709930000071000094;endo
065722024004509930000101000001;endo
065722024004509930000101000003;endo
065722024000709930000111000006;endo
065722024004509930000052000012;endo
065722024001909930000060000002;endo
065722024006809930000045000002;endo
065722024001809930000042000008;endo
065722024000109930000070000001;endo
065722024000109930000070000002;endo
065722024005509930000012000004;endo
065722024005509930000012000007;endo
065722024013809930000043000007;endo
065722024006809930000015000004;endo
065722024006809930000015000007;endo
065722024006809930000015000010;endo
065722024014509930000045000002;endo
065722024014509930000045000009;endo
065722024004109930000066000004;endo
065722024004109930000066000006;endo
065722024013509930000152000002;endo
065722024013509930000152000003;endo
065722024013509930000152000009;endo
065722024013509930000152000010;endo
065722024013509930000152000014;endo
065722024014209930000070000003;endo
065722024014209930000070000004;endo
065722024014209930000070000005;endo
065722024014509930000072000001;endo
065722024005409930000013000004;endo
065722024010909930000114000002;endo
065722024010909930000114000010;endo
065722024000709930000155000001;endo
065722024000709930000155000002;endo
065722024000709930000155000003;endo
065722024000709930000155000004;endo
065722024000709930000155000007;endo
065722024000709930000155000012;endo
065722024000709930000155000013;endo
065722024000709930000155000014;endo
065722024004609930000082000001;endo
065722024004609930000082000002;endo
065722024001009820000009000004;endo
065722024013509930000264000005;endo
065722024013509930000264000006;endo
065722024014609930000042000006;endo
065722024000709930000115000002;endo
065722024014409930000080000001;endo
065722024013609820000005000008;endo
065722024013609820000005000015;endo
065722024013609820000005000016;endo
065722024013609820000005000017;endo
065722024013609820000005000020;endo
065722024014709930000074000003;endo
065722024014709930000074000006;endo
065722024002009930000138000008;endo
065722024002409930000115000001;endo
065722024005509930000030000005;endo
065722024002509930000049000001;endo
065722024011409930000078000001;endo
065722024011409930000078000003;endo
065722024011409930000078000006;endo
065722024003509930000005000001;endo
065722024011409930000031000001;endo
065722024004609930000071000001;endo
065722024011709930000001000005;endo
065722024011709930000001000008;endo
065722024011709930000001000011;endo
065722024011709930000001000015;endo
065722024011709930000001000016;endo
065722024011909930000002000054;endo
065722024011909930000002000059;endo
065722024011909930000002000063;endo
065722024011909930000002000066;endo
065722024011909930000002000068;endo
065722024011909930000002000076;endo
065722024011909930000002000078;endo
065722024011909930000002000080;endo
065722024011909930000002000086;endo
065722024011909930000002000091;endo
065722024011909930000002000099;endo
065722024011909930000002000106;endo
065722024011909930000002000114;endo
065722024011909930000002000117;endo
065722024011909930000002000120;endo
065722024011909930000002000122;endo
065722024011909930000002000124;endo
065722024011909930000002000125;endo
065722024011909930000002000128;endo
065722024011909930000002000131;endo
065722024011909930000002000133;endo
065722024011909930000002000134;endo
065722024011909930000002000137;endo
065722024011909930000002000138;endo
065722024011909930000002000140;endo
065722024011909930000002000142;endo
065722024011909930000002000143;endo
065722024011909930000002000147;endo
065722024011909930000002000148;endo
065722024011909930000002000153;endo
065722024011909930000002000154;endo
065722024011909930000002000157;endo
065722024011909930000002000158;endo
065722024011909930000002000160;endo
065722024011909930000002000162;endo
065722024011909930000002000163;endo
065722024011909930000002000165;endo
065722024011909930000002000174;endo
065722024011909930000002000181;endo
065722024011909930000002000220;endo
065722024011909930000002000224;endo
065722024011909930000002000240;endo
065722024011909930000002000245;endo
065722024011909930000002000250;endo
065722024011909930000002000261;endo
065722024011909930000002000275;endo
065722024011909930000002000282;endo
065722024011909930000002000285;endo
065722024011909930000002000286;endo
065722024011909930000002000293;endo
065722024011909930000002000296;endo
065722024011909930000002000299;endo
065722024011909930000002000301;endo
065722024011909930000002000304;endo
065722024011909930000002000306;endo
065722024011909930000002000307;endo
065722024011909930000002000311;endo
065722024011909930000002000315;endo
065722024011909930000002000313;endo
065722024011909930000002000320;endo
065722024011909930000002000330;endo
065722024011909930000002000321;endo
065722024011909930000002000335;endo
065722024011909930000002000338;endo
065722024011909930000002000345;endo
065722024011909930000002000349;endo
065722024011909930000002000370;endo
065722024011909930000002000373;endo
065722024011909930000002000379;endo
065722024011909930000002000383;endo
065722024011909930000002000386;endo
065722024011909930000002000388;endo
065722024011909930000002000391;endo
065722024011909930000002000392;endo
065722024011909930000002000395;endo
065722024011909930000002000398;endo
065722024011909930000002000464;endo
065722024011909930000002000550;endo
065722024011909930000002000551;endo
065722024011909930000002000554;endo
065722024011909930000002000559;endo
065722024011909930000002000561;endo
065722024011909930000002000566;endo
065722024011909930000002000569;endo
065722024011909930000002000572;endo
065722024011909930000002000575;endo
065722024011909930000002000581;endo
065722024011909930000002000592;endo
065722024011909930000002000596;endo
065722024011909930000002000606;endo
065722024011909930000002000623;endo
065722024011909930000002000629;endo
065722024011909930000002000630;endo
065722024011909930000002000631;endo
065722024011909930000002000632;endo
065722024011909930000002000633;endo
065722024011909930000002000634;endo
065722024011909930000002000635;endo
065722024011909930000002000636;endo
065722024011909930000002000637;endo
065722024011909930000002000638;endo
065722024011909930000002000695;endo
065722024005909820000008000006;endo
065722024004609930000072000005;endo
065722024004609930000076000008;endo
065722024006809930000031000004;endo
065722024003509930000099000001;endo
065722024000709930000086000003;endo
065722024013509930000178000003;endo
065722024013509930000178000010;endo
065722024005709930000025000006;endo
065722024014709930000067000001;endo
065722024013509930000206000002;endo
065722024014409930000071000002;endo
065722024014409930000072000002;endo
065722024002709930000036000001;endo
065722024002709930000036000002;endo
065722024010709930000163000001;endo
065722024005409930000022000003;endo
065722024003709930000025000001;endo
065722024004909930000083000006;endo
065722024014409930000056000004;endo
065722024013509930000431000007;endo
065722024013509930000129000002;endo
065722024003809930000034000001;endo
065722024010709930000138000001;endo
065722024004909930000126000001;endo
065722024004909930000008000001;endo
065722024010709930000082000004;endo
065722024014709930000042000004;endo
065722024014509930000047000001;endo
065722024014509930000047000003;endo
065722024014509930000047000004;endo
065722024014509930000047000008;endo
065722024014509930000047000009;endo
065722024014509930000047000010;endo
065722024003509930000054000008;endo
065722024003509930000054000036;endo
065722024014509930000070000001;endo
065722024014509930000070000002;endo
065722024004909770000001000001;endo
065722024004909930000009000001;endo
065722024010909930000062000001;endo
065722024004609930000001000001;endo
065722024000709930000159000049;endo
065722024000709930000159000052;endo
065722024000709930000159000057;endo
065722024000709930000159000058;endo
065722024000709930000159000059;endo
065722024000709930000159000091;endo
065722024000709930000159000129;endo
065722024000709930000159000145;endo
065722024000709930000159000147;endo
065722024000709930000013000002;endo
065722024014609930000001000005;endo
065722024014609930000003000003;endo
065722024002409930000049000001;endo
065722024004909930000010000003;endo
065722024006209930000002000001;endo
065722024011309930000001000002;endo
065722024010909930000196000001;endo
065722024010909930000196000002;endo
065722024010909930000196000003;endo
065722024010909930000196000007;endo
065722024002009930000003000001;endo
065722024002009930000003000003;endo
065722024004909930000037000002;endo
065722024004909930000037000011;endo
065722024006309930000001000001;endo
065722024014009930000001000001;endo
065722024011309930000007000006;endo
065722024011309930000007000009;endo
065722024011309930000007000010;endo
065722024002409930000035000007;endo
065722024000709930000023000005;endo
065722024004609930000008000009;endo
065722024012309930000001000001;endo
065722024012309930000001000003;endo
065722024012309930000001000004;endo
065722024012309930000001000007;endo
065722024012309930000001000008;endo
065722024005609930000001000002;endo
065722024005609930000001000003;endo
065722024004909930000029000008;endo
065722024004909930000029000010;endo
065722024014009820000001000002;endo
065722024014009820000001000006;endo
065722024013509930000151000006;endo
065722024013509930000151000011;endo
065722024013509930000433000023;endo
065722024013509930000433000069;endo
065722024013509930000267000003;endo
065722024013509930000267000004;endo
065722024001509930000053000002;endo
065722024001509930000053000006;endo
065722024010909930000148000006;endo
065722024010909930000148000009;endo
065722024006809930000065000001;endo
065722024010909930000149000003;endo
065722024003509820000008000045;endo
065722024003509820000008000055;endo
065722024002109930000083000001;endo
065722024002109930000083000003;endo
065722024002109930000083000012;endo
065722024002109930000083000014;endo
065722024011309930000142000001;endo
065722024011309930000142000009;endo
065722024004609930000087000008;endo
065722024004609930000087000011;endo
065722024011409930000082000003;endo
065722024011409930000082000004;endo
065722024011409930000082000011;endo
065722024006009930000022000004;endo
065722024003509930000108000007;endo
065722024005409820000001000003;endo
065722024011309930000139000003;endo
065722024011309930000139000004;endo
065722024013509930000057000007;endo
065722024013609930000017000004;endo
065722024004909930000067000008;endo
065722024013509930000052000005;endo
065722024013509930000052000008;endo
065722024012209930000002000006;endo
065722024013709930000005000004;endo
065722024013709930000005000008;endo
065722024013709930000005000011;endo
065722024004109930000017000001;endo
065722024003709930000010000001;endo
065722024013509930000078000005;endo
065722024014309930000005000002;endo
065722024014309930000005000010;endo
065722024014309930000005000011;endo
065722024014309930000005000013;endo
065722024014309930000005000015;endo
065722024006009930000004000001;endo
065722024006009930000004000003;endo
065722024001909930000012000003;endo
065722024014009930000002000001;endo
065722024014009930000002000002;endo
065722024014009930000007000001;endo
065722024000809930000012000001;endo
065722024014409930000001000008;endo
065722024014509930000003000002;endo
065722024014509930000003000004;endo
065722024014509930000002000002;endo
065722024014509930000002000004;endo
065722024014609930000004000005;endo
065722024002909930000014000007;endo
065722024014209930000009000008;endo
065722024014309930000006000008;endo
065722024014309930000006000009;endo
065722024001909930000014000001;endo
065722024010409820000001000007;endo
065722024010409820000001000008;endo
065722024010409820000001000009;endo
065722024010909930000022000002;endo
065722024014709930000009000002;endo
065722024004609930000006000002;endo
065722024004609930000006000004;endo
065722024004609930000006000010;endo
065722024004509930000006000001;endo
065722024004509930000006000008;endo
065722024004509930000006000010;endo
065722024004509930000006000014;endo
065722024004509930000006000015;endo
065722024010909930000041000003;endo
065722024010909930000041000004;endo
065722024002109930000012000005;endo
065722024014209930000047000010;endo
065722024010909930000049000004;endo
065722024010909930000049000003;endo
065722024010909930000049000016;endo
065722024010909930000049000015;endo
065722024014209930000057000015;endo
065722024004609930000026000002;endo
065722024004609930000026000009;endo
065722024010709930000017000005;endo
065722024002509930000027000002;endo
065722024011309930000015000002;endo
065722024011309930000015000004;endo
065722024005709930000012000002;endo
065722024005709930000012000005;endo
065722024005709930000012000007;endo
065722024005709930000012000012;endo
065722024005709930000012000015;endo
065722024002509930000018000002;endo
065722024002509930000018000003;endo
065722024011909930000001000002;endo
065722024004909930000144000001;endo
065722024004909930000144000002;endo
065722024004609930000024000003;endo
065722024004609930000024000006;endo
065722024004609930000024000007;endo
065722024004609930000028000001;endo
065722024004609930000028000002;endo
065722024004609930000036000001;endo
065722024004609930000036000002;endo
065722024013509930000205000006;endo
065722024014609930000008000002;endo
065722024014609930000008000014;endo
065722024004609930000018000007;endo
065722024004509930000029000001;endo
065722024004509930000029000009;endo
065722024014509930000090000001;endo
065722024014509930000090000002;endo
065722024014509930000090000004;endo
065722024014509930000090000003;endo
065722024014509930000090000014;endo
065722024014509930000090000015;endo
065722024014509930000090000022;endo
065722024014509930000090000024;endo
065722024014509930000090000027;endo
065722024014509930000090000028;endo
065722024014509930000090000033;endo
065722024014509930000090000034;endo
065722024010709930000241000014;endo
065722024010709930000241000016;endo
065722024010709930000241000033;endo
065722024010709930000241000035;endo
065722024010709930000241000169;endo
065722024010709930000241000184;endo
065722024010709930000241000186;endo
065722024011309930000037000001;endo
065722024011309930000037000004;endo
065722024011309930000044000001;endo
065722024013509930000044000002;endo
065722024013509930000044000007;endo
065722024013509930000086000001;endo
065722024013509930000086000004;endo
065722024013509930000086000008;endo
065722024000709930000050000001;endo
065722024014209930000014000001;endo
065722024014209930000014000002;endo
065722024001009930000019000001;endo
065722024003509820000003000001;endo
065722024003509820000003000006;endo
065722024003509820000003000015;endo
065722024003509820000003000017;endo
065722024003509820000003000020;endo
065722024003509820000003000023;endo
065722024001909930000019000006;endo
065722024001909930000019000014;endo
065722024001909930000019000027;endo
065722024013509930000034000001;endo
065722024004609930000027000001;endo
065722024004609930000027000002;endo
065722024004609930000027000007;endo
065722024013809930000021000001;endo
065722024005609930000006000002;endo
065722024011309930000056000001;endo
065722024011309930000056000003;endo
065722024013509930000097000003;endo
065722024013509930000097000004;endo
065722024013509930000097000007;endo
065722024013509930000097000012;endo
065722024013509930000097000013;endo
065722024013509930000097000027;endo
065722024010709930000058000001;endo
065722024013709930000008000005;endo
065722024013709930000008000010;endo
065722024004609930000040000001;endo
065722024004609930000041000001;endo
065722024000709930000092000001;endo
065722024000709930000092000002;endo
065722024011309930000010000001;endo
065722024011309930000011000001;endo
065722024013509930000051000003;endo
065722024013509930000051000008;endo
065722024013509930000051000015;endo
065722024013509930000053000006;endo
065722024013509930000053000010;endo
065722024013509930000055000001;endo
065722024013509930000055000002;endo
065722024001909930000041000002;endo
065722024001909930000041000006;endo
065722024001909930000041000008;endo
065722024002409930000054000001;endo
065722024004509930000032000003;endo
065722024004509930000032000004;endo
065722024004509930000032000008;endo
065722024011309930000041000002;endo
065722024011309930000041000010;endo
065722024011309930000041000012;endo
065722024011309930000041000014;endo
065722024013509930000072000006;endo
065722024013509930000070000006;endo
065722024013509930000071000006;endo
065722024013509930000071000009;endo
065722024011409930000032000046;endo
065722024011409930000032000077;endo
065722024011409930000032000084;endo
065722024011409930000032000146;endo
065722024011409930000032000170;endo
065722024013509930000068000005;endo
065722024014709930000084000007;endo
065722024001009930000023000010;endo
065722024001809930000014000002;endo
065722024001809930000014000003;endo
065722024003809930000022000002;endo
065722024003809930000022000003;endo
065722024004509930000041000005;endo
065722024012209930000003000001;endo
065722024012209930000003000001;endo
065722024010709930000054000002;endo
065722024010709930000054000006;endo
065722024004509930000026000004;endo
065722024004509930000026000008;endo
065722024010909930000081000007;endo
065722024010909930000081000008;endo
065722024013509820000011000003;endo
065722024013509820000011000013;endo
065722024013509930000333000003;endo
065722024010709930000186000002;endo
065722024011409930000117000001;endo
065722024011409930000117000002;endo
065722024013609930000045000001;endo
065722024013609930000045000002;endo
065722024013609930000045000003;endo
065722024013609930000045000004;endo
065722024013609930000045000005;endo
065722024003509930000042000001;endo
065722024003509930000042000002;endo
065722024003509930000042000003;endo
065722024003509930000042000004;endo
065722024010709930000118000003;endo
065722024000809930000020000001;endo
065722024014109930000020000001;endo
065722024014509930000058000010;endo
065722024014109930000051000001;endo
065722024014109930000051000002;endo
065722024014109930000051000003;endo
065722024014109930000051000004;endo
065722024001809930000022000009;endo
065722024002409930000073000001;endo
065722024002409930000073000008;endo
065722024011409930000139000001;endo
065722024011409930000139000002;endo
065722024000809930000025000001;endo
065722024000809930000025000007;endo
065722024000809930000025000017;endo
065722024000809930000025000018;endo
065722024000109930000008000001;endo
065722024000109930000008000002;endo
065722024000109930000008000003;endo
065722024004109820000002000005;endo
065722024002409930000118000001;endo
065722024013509930000279000002;endo
065722024013509930000279000009;endo
065722024013609930000085000001;endo
065722024013609930000085000002;endo
065722024013609930000085000005;endo
065722024002009930000115000005;endo
065722024004509930000108000046;endo
065722024013509930000265000003;endo
065722024013509930000265000007;endo
065722024013509930000265000011;endo
065722024013509930000278000002;endo
065722024013509930000278000006;endo
065722024004609930000070000002;endo
065722024004609930000070000004;endo
065722024011309930000143000001;endo
065722024005709820000003000003;endo
065722024005709820000003000011;endo
065722024014209820000009000001;endo
065722024014209820000009000003;endo
065722024014609930000030000001;endo
065722024012809930000013000017;endo
065722024012809930000013000023;endo
065722024012809930000013000024;endo
065722024012109930000006000002;endo
065722024001909930000064000004;endo
065722024010909930000162000001;endo
065722024000109930000044000003;endo
065722024000109930000044000005;endo
065722024000809930000166000005;endo
065722024000809930000157000005;endo
065722024014409930000096000001;endo
065722024002009930000136000001;endo
065722024002509930000113000003;endo
065722024014209930000073000001;endo
065722024014209930000073000002;endo
065722024014209930000073000007;endo
065722024014209930000073000009;endo
065722024014209930000073000020;endo
065722024014409930000157000003;endo
065722024000109930000046000002;endo
065722024004909930000255000001;endo
065722024004909820000007000001;endo
065722024004909820000007000002;endo
065722024006209930000153000004;endo
065722024006209930000153000005;endo
065722024014709930000116000002;endo
065722024006809820000002000001;endo
065722024006809820000002000002;endo
065722024006809820000002000016;endo
065722024006809820000002000018;endo
065722024006809820000002000021;endo
065722024006809820000002000025;endo
065722024006809820000002000026;endo
065722024006809820000002000059;endo
065722024006809820000002000087;endo
065722024013509930000434000002;endo
065722024004609930000141000002;endo
065722024004609930000141000005;endo
065722024000109930000056000002;endo
065722024000109930000056000001;endo
065722024000109930000056000005;endo
065722024000109930000056000012;endo
065722024000109930000056000018;endo
065722024001509930000055000001;endo
065722024006309820000001000001;endo
065722024004609930000139000006;endo
065722024014509930000082000002;endo
065722024014509930000082000008;endo
065722024014509930000081000002;endo
065722024014509930000081000007;endo
065722024014509930000113000006;endo
065722024014509930000113000008;endo
065722024001809930000080000006;endo
065722024012109930000010000002;endo
065722024000709820000002000001;endo
065722024000709820000002000002;endo
065722024011509930000003000005;endo
065722024011509930000003000008;endo
065722024011509930000003000010;endo
065722024003809930000112000001;endo
065722024011309930000198000003;endo
065722024005809930000111000006;endo
065722024002509930000155000001;endo
065722024002509930000150000001;endo
065722024002509930000150000008;endo
065722024002509930000152000006;endo
065722024002509930000153000002;endo
065722024002509930000153000009;endo
065722024002509930000154000001;endo
065722024002509930000154000008;endo
065722024002509930000158000002;endo
065722024002509930000158000009;endo
065722024014509820000010000002;endo
065722024014509820000010000005;endo
065722024013609930000115000001;endo
065722024013609930000115000002;endo
065722024014709930000201000001;endo
065722024011409930000105000001;endo
065722024004909820000006000006;endo
065722024010709930000276000001;endo
065722024010709930000276000003;endo
065722024010709930000276000006;endo
065722024010709930000276000008;endo
065722024003509930000144000001;endo
065722024003509930000144000002;endo
065722024003509930000144000004;endo
065722024003509930000144000005;endo
065722024012109930000005000001;endo
065722024012109930000005000002;endo
065722024012109930000005000004;endo
065722024012109930000005000003;endo
065722024014409930000134000002;endo
065722024005809930000078000005;endo
065722024005809930000078000008;endo
065722024011309930000185000005;endo
065722024003809930000079000008;endo
065722024003809930000079000009;endo
065722024003809930000079000012;endo
065722024006209930000124000002;endo
065722024002509930000119000001;endo
065722024000809930000148000002;endo
065722024005609930000074000001;endo
065722024005609930000074000002;endo
065722024011309930000223000001;endo
065722024002109930000097000001;endo
065722024002109930000098000001;endo
065722024002109930000101000001;endo
065722024003909930000017000001;endo
065722024003809930000092000001;endo
065722024004509930000119000002;endo
065722024012209930000005000004;endo
065722024014209930000112000002;endo
065722024014209930000112000004;endo
065722024013509930000353000006;endo
065722024013509930000466000006;endo
065722024013509930000466000007;endo
065722024001809930000130000001;endo
065722024001809930000130000006;endo
065722024001809930000130000010;endo
065722024001809930000130000013;endo
065722024012109930000014000001;endo
065722024010909930000188000028;endo
065722024010909930000188000033;endo
065722024010909930000188000034;endo
065722024004509930000051000007;endo
065722024013509930000114000010;endo
065722024013509930000114000012;endo
065722024011309930000103000009;endo
065722024011309930000092000004;endo
065722024011309930000092000005;endo
065722024010709930000075000001;endo
065722024010709930000075000002;endo
065722024010709930000075000003;endo
065722024012109930000003000002;endo
065722024012109930000003000003;endo
065722024012109930000003000008;endo
065722024012109930000003000011;endo
065722024012109930000003000013;endo
065722024012109930000003000018;endo
065722024013809820000009000007;endo
065722024013809820000009000010;endo
065722024013509930000150000010;endo
065722024013509930000150000018;endo
065722024005209930000035000002;endo
065722024005209930000035000006;endo
065722024005209930000035000007;endo
065722024005209930000035000011;endo
065722024002009930000056000009;endo
065722024013509930000171000002;endo
065722024013509930000171000005;endo
065722024013509930000171000008;endo
065722024013509930000174000034;endo
065722024013509930000174000037;endo
065722024002509930000065000001;endo
065722024011309930000096000008;endo
065722024011309930000096000009;endo
065722024003509930000078000010;endo
065722024014109930000029000001;endo
065722024014109930000029000004;endo
065722024002409930000090000021;endo
065722024002409930000090000022;endo
065722024002409930000090000023;endo
065722024002409930000090000026;endo
065722024002409930000090000027;endo
065722024011309930000130000002;endo
065722024000809930000131000001;endo
065722024001809930000107000001;endo
065722024010709930000289000005;endo
065722024010709930000289000006;endo
065722024010709930000289000011;endo
065722024010709930000289000012;endo
065722024013509930000462000001;endo
065722024013509930000462000002;endo
065722024013509930000462000006;endo
065722024003509930000160000001;endo
065722024003509930000160000002;endo
065722024003509820000022000008;endo
065722024003509820000023000001;endo
065722024003509820000023000002;endo
065722024003509820000023000003;endo
065722024010409930000012000005;endo
065722024001009930000113000002;endo
065722024001009930000113000013;endo
065722024014509930000193000005;endo
065722024014509930000193000011;endo
065722024014709930000211000007;endo
065722024013509930000461000005;endo
065722024012209930000006000002;endo
065722024004909930000276000003;endo
065722024004909930000276000007;endo
065722024004909930000264000001;endo
065722024004109930000107000005;endo
065722024004109930000107000015;endo
065722024011409930000177000001;endo
065722024011409930000177000002;endo
065722024011409930000177000010;endo
065722024011409930000177000017;endo
065722024011409930000177000100;endo
065722024011409930000177000101;endo
065722024011409930000177000105;endo
065722024014409930000137000002;endo
065722024014409930000137000008;endo
065722024002009820000007000003;endo
065722024002009820000007000011;endo
065722024014709930000197000003;endo
065722024014709930000197000006;endo
065722024014709930000197000007;endo
065722024014709930000197000012;endo
065722024003509930000147000001;endo
065722024014609930000049000014;endo
065722024014409930000136000028;endo
065722024014409930000136000032;endo
065722024013509930000505000006;endo
065722024013509930000505000007;endo
065722024013509930000505000014;endo
065722024010909930000235000001;endo
065722024010909930000235000002;endo
065722024011309930000249000004;endo
065722024004509820000002000001;endo
065722024011309930000220000001;endo
065722024011309930000220000004;endo
065722024011309930000220000007;endo
065722024011309930000220000009;endo
065722024011309930000220000014;endo
065722024011309930000220000018;endo
065722024002409930000174000001;endo
065722024010909930000224000002;endo
065722024010909930000226000003;endo
065722024013509930000578000002;endo
065722024004909930000272000001;endo
065722024011309930000250000004;endo
065722024011309930000250000005;endo
065722024011309930000250000008;endo
065722024011309930000250000009;endo
065722024005709930000048000003;endo
065722024004909930000236000039;endo
065722024001909930000096000002;endo
065722024010909930000365000023;endo
065722024013509930000473000003;endo
065722024013509930000473000007;endo
065722024002109820000042000001;endo
065722024002109820000042000004;endo
065722024002109820000042000005;endo
065722024002109820000042000020;endo
065722024005209930000071000002;endo
065722024005209930000071000004;endo
065722024005209930000071000005;endo
065722024005209930000071000011;endo
065722024010709930000255000007;endo
065722024003509930000168000003;endo
065722024003509930000168000004;endo
065722024002509930000170000009;endo
065722024002509930000170000010;endo
065722024002509930000170000012;endo
065722024002509930000170000018;endo
065722024002509930000170000017;endo
065722024003709930000110000001;endo
065722024003709930000110000007;endo
065722024003709930000109000001;endo
065722024002509930000171000005;endo
065722024011409930000170000002;endo
065722024011409930000170000004;endo
065722024011309930000262000001;endo
065722024000809930000163000001;endo
065722024010909930000251000001;endo
065722024005209930000099000010;endo
065722024005209930000099000009;endo
065722024000809930000168000006;endo
065722024013609930000144000002;endo
065722024011309930000268000004;endo
065722024014709930000261000001;endo
065722024014709930000261000002;endo
065722024014709930000261000003;endo
065722024014709930000261000004;endo
065722024014709930000233000006;endo
065722024014709930000232000005;endo
065722024011309930000258000004;endo
065722024011309930000258000008;endo
065722024004909930000301000005;endo
065722024001509930000096000001;endo
065722024010709930000306000001;endo
065722024003709930000105000004;endo
065722024006209930000187000007;endo
065722024000109930000087000005;endo
065722024005709930000049000003;endo
065722024001909930000137000009;endo
065722024004509930000197000006;endo
065722024004509930000197000009;endo
065722024004509930000197000014;endo
065722024004509930000197000013;endo
065722024004509930000197000019;endo
065722024010909930000298000040;endo
065722024010909930000298000041;endo
065722024010909930000298000042;endo
065722024010909930000298000043;endo
065722024010909930000298000044;endo
065722024010909930000298000045;endo
065722024010909930000298000046;endo
065722024004609930000200000005;endo
065722024004609930000196000004;endo
065722024005509930000063000001;endo
065722024005509930000063000002;endo
065722024005509930000063000003;endo
065722024014209930000115000001;endo
065722024014209930000115000002;endo
065722024002909930000125000003;endo
065722024013509930000553000002;endo
065722024000709930000215000002;endo
065722024013509930000519000001;endo
065722024004609930000220000004;endo
065722024013809930000139000001;endo
065722024013809930000138000001;endo
065722024013809930000137000003;endo
065722024003509930000176000002;endo
065722024003509930000176000004;endo
065722024013509930000524000003;endo
065722024004909820000008000001;endo
065722024004909820000008000008;endo
065722024004909820000008000010;endo
065722024004609930000219000006;endo
065722024005309930000078000004;endo
065722024004209930000117000001;endo
065722024000809930000161000001;endo
065722024013509930000659000004;endo
065722024013509930000659000005;endo
065722024013509930000659000006;endo
065722024013509930000659000007;endo
065722024013509930000659000008;endo
065722024013509930000659000009;endo
065722024013509930000659000010;endo
065722024013509930000659000011;endo
065722024013509930000659000012;endo
065722024013509930000659000013;endo
065722024013509930000659000014;endo
065722024013509930000659000017;endo
065722024013509930000659000018;endo
065722024013509930000659000019;endo
065722024013509930000659000020;endo
065722024013509930000659000021;endo
065722024013509930000659000022;endo
065722024013509930000659000023;endo
065722024013509930000659000024;endo
065722024013509930000659000025;endo
065722024013509930000659000015;endo
065722024013509930000659000016;endo
065722024001509930000100000001;endo
065722024001509930000100000006;endo
065722024004909930000398000003;endo
065722024005809820000041000001;endo
065722024005809820000041000002;endo
065722024005809820000041000006;endo
065722024014509820000011000001;endo
065722024001509930000094000001;endo
065722024001509930000095000001;endo
065722024014609930000083000001;endo
065722024014609930000083000002;endo
065722024014609930000083000003;endo
065722024014609930000083000004;endo
065722024006309930000068000006;endo
065722024014509930000161000001;endo
065722024014509930000161000005;endo
065722024014409930000194000003;endo
065722024014409930000194000004;endo
065722024014409930000194000005;endo
065722024014409930000194000006;endo
065722024002709930000120000001;endo
065722024005809930000181000001;endo
065722024004509930000181000004;endo
065722024004509930000181000006;endo
065722024004509930000181000007;endo
065722024004509930000181000012;endo
065722024004109930000120000001;endo
065722024004109930000120000002;endo
065722024010409930000015000001;endo
065722024010409930000015000002;endo
065722024011309930000312000003;endo
065722024001809930000208000001;endo
065722024013509930000260000006;endo
065722024010909930000139000001;endo
065722024010909930000139000004;endo
065722024012809930000003000002;endo
065722024012809930000003000003;endo
065722024004109930000063000005;endo
065722024013509820000009000003;endo
065722024013509820000009000005;endo
065722024010709930000192000003;endo
065722024011409930000089000003;endo
065722024011409930000089000005;endo
065722024011409930000089000007;endo
065722024011309930000123000005;endo
065722024000809930000063000002;endo
065722024000809930000063000005;endo
065722024012809930000004000001;endo
065722024012809930000004000002;endo
065722024012809930000004000003;endo
065722024012809930000004000004;endo
065722024012809930000004000013;endo
065722024012809930000004000014;endo
065722024012809930000004000015;endo
065722024012809930000004000016;endo
065722024012809930000004000017;endo
065722024012809930000004000019;endo
065722024012809930000004000038;endo
065722024004209930000061000001;endo
065722024006209930000096000002;endo
065722024003509930000100000006;endo
065722024004609930000063000005;endo
065722024004609930000064000005;endo
065722024004609930000067000007;endo
065722024014009930000070000006;endo
065722024014009930000070000007;endo
065722024005809820000006000007;endo
065722024003709930000051000001;endo
065722024003709930000051000004;endo
065722024003709930000051000009;endo
065722024003709930000051000010;endo
065722024013509930000293000004;endo
065722024013809930000063000001;endo
065722024013809930000063000006;endo
065722024013509930000296000006;endo
065722024010709930000180000001;endo
065722024002009930000117000001;endo
065722024013809930000064000001;endo
065722024013809930000064000003;endo
065722024005509930000028000003;endo
065722024004609930000083000005;endo
065722024004609930000083000007;endo
065722024004609930000083000009;endo
065722024004909930000284000001;endo
065722024004909930000284000002;endo
065722024010909930000182000001;endo
065722024011309930000184000005;endo
065722024013709930000028000001;endo
065722024013709930000028000010;endo
065722024002009930000097000007;endo
065722024004109930000085000003;endo
065722024013509930000342000001;endo
065722024013509930000342000007;endo
065722024004609930000102000002;endo
065722024001509930000062000004;endo
065722024001509930000062000010;endo
065722024001509930000062000067;endo
065722024001509930000062000068;endo
065722024001509930000062000069;endo
065722024001509930000062000070;endo
065722024001509930000062000071;endo
065722024001509930000062000072;endo
065722024001509930000062000073;endo
065722024001509930000062000074;endo
065722024001509930000062000075;endo
065722024001509930000062000076;endo
065722024001509930000062000077;endo
065722024001509930000062000081;endo
065722024005209930000048000004;endo
065722024011409930000110000001;endo
065722024005609930000049000003;endo
065722024010909930000186000001;endo
065722024004209930000070000001;endo
065722024004109820000003000004;endo
065722024011309930000213000002;endo
065722024014509930000145000001;endo
065722024014509930000145000002;endo
065722024013809930000093000002;endo
065722024001009930000179000003;endo
065722024001009930000179000007;endo
065722024001009930000179000010;endo
065722024014409930000203000001;endo
065722024014409930000203000003;endo
065722024013509930000632000004;endo
065722024010909930000301000006;endo
065722024004509930000258000002;endo
065722024004509930000258000009;endo
065722024010909930000318000001;endo
065722024010909930000318000002;endo
065722024010909930000318000003;endo
065722024014009930000266000023;endo
065722024014009930000266000024;endo
065722024014009930000266000025;endo
065722024014009930000266000026;endo
065722024014009930000266000027;endo
065722024014009930000266000028;endo
065722024014009930000266000029;endo
065722024014009930000266000066;endo
065722024010709930000361000006;endo
065722024013509930000653000001;endo
065722024013509930000653000002;endo
065722024013509930000653000003;endo
065722024002109930000186000001;endo
065722024002109930000186000012;endo
065722024002109930000186000014;endo
065722024013509930000598000001;endo
065722024013509930000642000001;endo
065722024013509930000642000002;endo
065722024013509930000642000003;endo
065722024014209820000015000001;endo
065722024004509930000206000003;endo
065722024013509930000610000001;endo
065722024001809820000003000004;endo
065722024003509930000196000002;endo
065722024004109930000146000006;endo
065722024001909930000149000004;endo
065722024013609930000164000005;endo
065722024004509820000005000002;endo
065722024013709930000053000002;endo
065722024013709930000053000008;endo
065722024013709930000053000010;endo
065722024013709930000053000016;endo
065722024013509930000588000001;endo
065722024013509930000588000002;endo
065722024004509820000006000004;endo
065722024012809930000012000001;endo
065722024012809930000012000002;endo
065722024005609930000094000006;endo
065722024004909930000340000002;endo
065722024005509930000070000001;endo
065722024011309930000358000035;endo
065722024011309930000358000036;endo
065722024011309930000358000037;endo
065722024011309930000358000038;endo
065722024011309930000358000048;endo
065722024010709930000414000004;endo
065722024010709930000414000005;endo
065722024010709930000414000006;endo
065722024010709930000414000007;endo
065722024010709930000414000008;endo
065722024010709930000303000001;endo
065722024010709930000303000002;endo
065722024010709930000373000002;endo
065722024010709930000373000003;endo
065722024011309930000274000001;endo
065722024010909930000247000001;endo
065722024013509930000566000004;endo
065722024004909930000381000004;endo
065722024004909930000381000006;endo
065722024014109930000079000071;endo
065722024014109930000079000072;endo
065722024005209930000104000005;endo
065722024004609930000279000001;endo
065722024001809930000250000001;endo
065722024004609930000287000003;endo
065722024010909930000381000005;endo
065722024010909930000381000002;endo
065722024010909930000381000003;endo
065722024010909930000381000004;endo
065722024010909930000381000006;endo
065722024010909930000381000007;endo
065722024010909930000381000008;endo
065722024002509930000299000005;endo
065722024014609930000092000001;endo
065722024014609930000092000002;endo
065722024014609930000092000007;endo
065722024014609930000092000025;endo
065722024014609930000092000033;endo
065722024014609930000092000054;endo
065722024003809930000209000005;endo
065722024013609930000182000001;endo
065722024005409930000064000001;endo
065722024005409930000063000001;endo
065722024010709930000427000003;endo
065722024001809930000228000001;endo
065722024013509930000687000001;endo
065722024013509930000687000002;endo
065722024004109930000150000001;endo
065722024004909930000423000001;endo
065722024014509930000237000052;endo
065722024014509930000237000077;endo
065722024014509930000237000084;endo
065722024014509930000237000085;endo
065722024014509930000237000109;endo
065722024014509930000237000131;endo
065722024005409930000089000002;endo
065722024004509820000008000002;endo
065722024014509930000198000001;endo
065722024014509930000198000003;endo
065722024011309930000361000005;endo
065722024011309930000361000007;endo
065722024002109820000051000001;endo
065722024002909820000033000002;endo
065722024014709930000471000005;endo
065722024010909930000385000001;endo
065722024012109930000020000001;endo
065722024012109930000020000002;endo
065722024011409930000231000001;endo
065722024011409930000231000002;endo
065722024000809930000232000001;endo
065722024000809930000232000002;endo
065722024002409930000285000001;endo
065722024014509930000199000001;endo
065722024014509930000199000002;endo
065722024005809930000206000006;endo
065722024005809930000206000049;endo
065722024005809930000206000050;endo
065722024013509930000736000002;endo
065722024004909930000422000001;endo
065722024004909930000422000002;endo
065722024004909930000422000004;endo
065722024004909930000422000005;endo
065722024004909930000421000001;endo
065722024004909930000421000002;endo
065722024002009930000194000004;endo
065722024004509930000221000001;endo
065722024004509930000221000013;endo
065722024004509930000221000018;endo
065722024004509930000222000008;endo
065722024000109930000129000001;endo
065722024012809930000014000001;endo
065722024006209930000257000002;endo
065722024004609930000304000002;endo
065722024005409930000079000002;endo
065722024005409930000079000004;endo
065722024004509820000007000001;endo
065722024010709930000472000001;endo
065722024004509930000212000005;endo
065722024005209930000110000003;endo
065722024005209930000110000009;endo
065722024005209930000110000010;endo
065722024010709930000488000002;endo
065722024001809930000259000001;endo
065722024005509930000085000001;endo
065722024010709930000453000006;endo
065722024003509930000250000001;endo
065722024003509930000250000002;endo
065722024003509930000250000004;endo
065722024003509930000250000006;endo
065722024003509930000250000008;endo
065722024003509930000250000011;endo
065722024003509930000250000013;endo
065722024011409930000234000001;endo
065722024011409930000234000003;endo
065722024014109930000090000001;endo
065722024010909930000348000002;endo
065722024010909930000348000003;endo
065722024013609930000217000002;endo
065722024001809930000233000001;endo
065722024001809930000233000006;endo
065722024004609930000294000001;endo
065722024010909930000389000001;endo
065722024010909930000389000006;endo
065722024013609930000219000001;endo
065722024005409930000065000003;endo
065722024011309930000382000001;endo
065722024011309930000381000001;endo
065722024013509930000367000005;endo
065722024004509930000132000006;endo
065722024004509930000133000006;endo
065722024004509930000134000006;endo
065722024003509930000140000001;endo
065722024003509930000140000004;endo
065722024011409930000115000004;endo
065722024011409930000115000005;endo
065722024013509930000669000005;endo
065722024013509930000669000008;endo
065722024004609930000112000004;endo
065722024004609930000112000005;endo
065722024002409930000173000020;endo
065722024000109930000074000005;endo
065722024013809930000103000002;endo
065722024001809930000132000001;endo
065722024001809930000132000002;endo
065722024013509930000410000001;endo
065722024011409930000123000004;endo
065722024011409930000123000011;endo
065722024013509930000423000003;endo
065722024013509930000423000006;endo
065722024013509930000423000007;endo
065722024013509930000423000011;endo
065722024004509930000150000006;endo
065722024005509930000061000007;endo
065722024000709930000180000006;endo
065722024000709930000183000006;endo
065722024001909930000123000005;endo
065722024013509930000440000002;endo
065722024006209930000190000001;endo
065722024006209930000190000002;endo
065722024006209930000190000003;endo
065722024006209930000190000004;endo
065722024006209930000190000005;endo
065722024006209930000190000006;endo
065722024006209930000190000008;endo
065722024006209930000190000009;endo
065722024006209930000190000010;endo
065722024006209930000190000011;endo
065722024006209930000190000012;endo
065722024006209930000190000021;endo
065722024006209930000190000020;endo
065722024006209930000190000019;endo
065722024006209930000190000018;endo
065722024006209930000190000040;endo
065722024006209930000190000042;endo
065722024006209930000190000063;endo
065722024006209930000190000062;endo
065722024006209930000190000061;endo
065722024006209930000190000060;endo
065722024006209930000190000059;endo
065722024006209930000190000058;endo
065722024006209930000190000067;endo
065722024006209930000190000071;endo
065722024006209930000190000085;endo
065722024006209930000190000084;endo
065722024006209930000190000083;endo
065722024006209930000190000082;endo
065722024006209930000190000081;endo
065722024006209930000190000080;endo
065722024006209930000190000103;endo
065722024006209930000190000102;endo
065722024006209930000190000101;endo
065722024006209930000190000100;endo
065722024006209930000190000099;endo
065722024006209930000190000098;endo
065722024006209930000190000105;endo
065722024006209930000190000107;endo
065722024006209930000190000109;endo
065722024006209930000190000111;endo
065722024006209930000190000113;endo
065722024006209930000190000115;endo
065722024013809820000010000001;endo
065722024013809820000010000003;endo
065722024013809820000010000006;endo
065722024014709930000206000007;endo
065722024005609930000075000003;endo
065722024002109820000040000001;endo
065722024002109820000040000002;endo
065722024002109820000040000003;endo
065722024010909930000236000006;endo
065722024004509930000162000003;endo
065722024004509930000162000004;endo
065722024001809930000136000003;endo
065722024001809930000136000008;endo
065722024005209930000079000008;endo
065722024005509930000054000006;endo
065722024005509930000054000007;endo
065722024005509930000054000011;endo
065722024005509930000054000012;endo
065722024005509930000057000003;endo
065722024013809930000145000007;endo
065722024001809930000150000019;endo
065722024005209930000087000005;endo
065722024001909930000133000003;endo
065722024001909930000133000004;endo
065722024010909820000006000001;endo
065722024014409930000193000002;endo
065722024013509930000810000001;endo
065722024013509930000810000007;endo
065722024004109930000169000001;endo
065722024004109930000169000003;endo
065722024001009930000238000001;endo
065722024010909930000399000003;endo
065722024013509930000773000001;endo
065722024010709930000481000005;endo
065722024014709930000321000003;endo
065722024002009930000245000002;endo
065722024002009930000253000001;endo
065722024002009930000251000001;endo
065722024002009930000249000002;endo
065722024013809930000227000001;endo
065722024013809930000227000004;endo
065722024011309930000430000002;endo
065722024003509930000251000001;endo
065722024003509930000251000004;endo
065722024014209930000228000013;endo
065722024014209930000228000021;endo
065722024014209930000228000024;endo
065722024014209930000228000023;endo
065722024010409930000020000001;endo
065722024010409930000020000007;endo
065722024006309930000118000001;endo
065722024006309930000118000003;endo
065722024004509930000240000001;endo
065722024004509930000240000003;endo
065722024004609930000409000001;endo
065722024014109930000096000003;endo
065722024004509930000301000001;endo
065722024010909930000370000025;endo
065722024006209930000350000001;endo
065722024006209930000350000005;endo
065722024006209930000350000006;endo
065722024013509930000838000007;endo
065722024013509930000838000008;endo
065722024014409930000301000005;endo
065722024014409930000301000007;endo
065722024014409930000301000010;endo
065722024000109930000146000001;endo
065722024000109930000146000003;endo
065722024001509930000177000006;endo
065722024001509930000177000013;endo
065722024004109930000174000002;endo
065722024004109930000173000002;endo
065722024001009930000252000001;endo
065722024006209930000336000005;endo
065722024004609930000374000004;endo
065722024013509930000858000003;endo
065722024013509930000858000005;endo
065722024002409820000034000001;endo
065722024002409820000034000006;endo
065722024006809930000183000003;endo
065722024004609930000327000001;endo
065722024014109930000112000003;endo
065722024011409930000261000002;endo
065722024013509930000819000002;endo
065722024002009930000287000006;endo
065722024014309930000119000001;endo
065722024010909930000446000005;endo
065722024005209820000002000001;endo
065722024005209820000002000002;endo
065722024001909930000229000001;endo
065722024001909930000229000004;endo
065722024001909930000229000009;endo
065722024013609930000230000004;endo
065722024010709930000606000001;endo
065722024010709930000606000002;endo
065722024014609930000099000001;endo
065722024003509930000258000003;endo
065722024004509930000245000001;endo
065722024002709930000172000001;endo
065722024004209930000183000001;endo
065722024004509930000260000001;endo
065722024000709930000284000002;endo
065722024005809820000064000001;endo
065722024010709930000604000001;endo
065722024014209930000247000004;endo
065722024010709930000520000001;endo
065722024002109930000280000004;endo
065722024013509930000826000001;endo
065722024013509930000827000002;endo
065722024010709930000527000004;endo
065722024010709930000527000005;endo
065722024003509930000276000001;endo
065722024003509930000276000005;endo
065722024003509930000276000007;endo
065722024003509930000276000008;endo
065722024003509930000276000012;endo
065722024013509930000915000001;endo
065722024014409930000340000001;endo
065722024002509930000347000002;endo
065722024014509930000258000003;endo
065722024014709930000445000006;endo
065722024014709930000372000005;endo
065722024014509930000322000003;endo
065722024003509930000270000001;endo
065722024013609930000231000002;endo
065722024005809930000254000007;endo
065722024005809930000254000011;endo
065722024010909930000432000005;endo
065722024014009820000006000006;endo
065722024004609930000347000001;endo
065722024012409930000004000003;endo
065722024012409930000004000005;endo
065722024014509930000245000002;endo
065722024014509930000245000003;endo
065722024013509930000916000001;endo
065722024013509930000916000002;endo
065722024004609930000384000001;endo
065722024013509930000881000003;endo
065722024014509930000265000001;endo
065722024013609820000021000002;endo
065722024010709930000534000001;endo
065722024010709930000534000005;endo
065722024004609930000336000003;endo
065722024013809930000208000003;endo
065722024013509930000606000001;endo
065722024005409930000055000002;endo
065722024005409930000055000004;endo
065722024004509930000187000002;endo
065722024004509930000187000003;endo
065722024004509930000187000004;endo
065722024004509930000187000005;endo
065722024004509930000187000006;endo
065722024004509930000187000007;endo
065722024004509930000187000008;endo
065722024004509930000187000009;endo
065722024004509930000187000010;endo
065722024004509930000187000011;endo
065722024004509930000187000012;endo
065722024004509930000187000013;endo
065722024004509930000187000014;endo
065722024004509930000187000015;endo
065722024004509930000187000016;endo
065722024004509930000187000017;endo
065722024004509930000187000018;endo
065722024004509930000187000019;endo
065722024004509930000187000020;endo
065722024004509930000187000021;endo
065722024004509930000187000022;endo
065722024004509930000187000023;endo
065722024004509930000187000046;endo
065722024004509930000187000024;endo
065722024004509930000187000025;endo
065722024004509930000187000026;endo
065722024004509930000187000027;endo
065722024004509930000187000028;endo
065722024004509930000187000029;endo
065722024004509930000187000030;endo
065722024004509930000187000031;endo
065722024004509930000187000032;endo
065722024004509930000187000033;endo
065722024004509930000187000034;endo
065722024004509930000187000035;endo
065722024004509930000187000036;endo
065722024004509930000187000037;endo
065722024004509930000187000038;endo
065722024004509930000187000039;endo
065722024004509930000187000040;endo
065722024004509930000187000041;endo
065722024004509930000187000042;endo
065722024004509930000187000043;endo
065722024004509930000187000044;endo
065722024004509930000187000045;endo
065722024004509930000187000048;endo
065722024004509930000187000049;endo
065722024004509930000187000052;endo
065722024004509930000187000053;endo
065722024004509930000187000055;endo
065722024004509930000187000057;endo
065722024004509930000187000059;endo
065722024004509930000187000061;endo
065722024004509930000187000063;endo
065722024004509930000187000065;endo
065722024004509930000187000067;endo
065722024004509930000187000069;endo
065722024004509930000187000071;endo
065722024004509930000187000073;endo
065722024004509930000187000075;endo
065722024004509930000187000077;endo
065722024004509930000187000079;endo
065722024004509930000187000081;endo
065722024004509930000187000083;endo
065722024004509930000187000085;endo
065722024004509930000187000087;endo
065722024004509930000187000089;endo
065722024004509930000187000091;endo
065722024004509930000187000093;endo
065722024004509930000187000095;endo
065722024004509930000187000200;endo
065722024004509930000187000209;endo
065722024004509930000187000334;endo
065722024004509930000187000359;endo
065722024004509930000187000399;endo
065722024014109930000074000001;endo
065722024013509930000620000002;endo
065722024014709930000260000001;endo
065722024002509930000233000002;endo
065722024006809930000144000001;endo
065722024001809930000215000006;endo
065722024013509930000633000001;endo
065722024013509930000633000002;endo
065722024004909930000370000001;endo
065722024004909930000370000010;endo
065722024004909930000370000009;endo
065722024014109930000077000001;endo
065722024014109930000077000002;endo
065722024014109930000077000006;endo
065722024014109930000077000007;endo
065722024005809930000174000006;endo
065722024001809930000224000003;endo
065722024014009930000165000004;endo
065722024014009930000165000008;endo
065722024014009930000165000011;endo
065722024014009930000165000013;endo
065722024010909930000324000002;endo
065722024001809930000220000001;endo
065722024010909930000319000001;endo
065722024003809930000241000003;endo
065722024003809930000241000005;endo
065722024003809930000241000008;endo
065722024013509930000661000001;endo
065722024001909930000181000008;endo
065722024011309930000360000002;endo
065722024014209930000186000017;endo
065722024014209930000186000027;endo
065722024014209930000186000026;endo
065722024014209930000186000025;endo
065722024014209930000186000024;endo
065722024014209930000186000023;endo
065722024014209930000186000022;endo
065722024014209930000186000021;endo
065722024014209930000186000020;endo
065722024014209930000186000028;endo
065722024002909930000153000005;endo
065722024004209930000158000001;endo
065722024013809930000217000001;endo
065722024013809930000217000002;endo
065722024013509930000698000001;endo
065722024013509930000712000005;endo
065722024005409930000076000001;endo
065722024005409930000076000002;endo
065722024005409930000076000003;endo
065722024005409930000076000004;endo
065722024005409930000076000005;endo
065722024005409930000076000006;endo
065722024005409930000076000007;endo
065722024005409930000076000024;endo
065722024005409930000076000025;endo
065722024005409930000076000029;endo
065722024005409930000076000027;endo
065722024005409930000098000001;endo
065722024002009930000210000002;endo
065722024001009820000038000001;endo
065722024001009820000038000006;endo
065722024001009820000038000009;endo
065722024003709930000189000001;endo
065722024001509930000175000002;endo
065722024013509930000896000001;endo
065722024013509930000896000014;endo
065722024013509930000896000013;endo
065722024013509930000896000012;endo
065722024014209820000023000002;endo
065722024004109930000213000003;endo
065722024010909930000469000001;endo
065722024010909930000469000002;endo
065722024010909930000469000004;endo
065722024010909930000469000005;endo
065722024004509930000296000001;endo
065722024004509930000296000005;endo
065722024004509930000296000007;endo
065722024014709930000391000007;endo
065722024014709930000391000005;endo
065722024005709930000117000001;endo
065722024005709930000117000003;endo
065722024003509930000295000002;endo
065722024006809930000218000001;endo
065722024006809930000218000002;endo
065722024006809930000218000003;endo
065722024004509930000365000001;endo
065722024004509930000365000002;endo
065722024004509930000365000003;endo
065722024004509930000365000004;endo
065722024014009930000249000007;endo
065722024002509930000390000002;endo
065722024002509930000390000004;endo
065722024011309930000554000001;endo
065722024011309930000554000003;endo
065722024004209930000220000009;endo
065722024014409930000338000001;endo
065722024010709930000638000001;endo
065722024010709930000638000005;endo
065722024004109930000214000004;endo
065722024004109930000214000003;endo
065722024011309930000562000001;endo
065722024010909930000488000001;endo
065722024010709930000668000001;endo
065722024002009930000336000002;endo
065722024002009930000336000003;endo
065722024002009930000336000008;endo
065722024002009930000338000002;endo
065722024002009930000338000006;endo
065722024011309930000577000004;endo
065722024011309930000576000001;endo
065722024011309930000576000004;endo
065722024002509930000399000001;endo
065722024002509930000399000007;endo
065722024002509930000399000008;endo
065722024002509930000399000010;endo
065722024000709930000302000001;endo
065722024010709930000680000002;endo
065722024004909930000672000001;endo
065722024014509930000285000003;endo
065722024014509930000301000001;endo
065722024014509930000301000003;endo
065722024004209930000223000001;endo
065722024002709930000179000004;endo
065722024002709930000179000005;endo
065722024002709930000179000008;endo
065722024002709930000179000009;endo
065722024004909930000671000001;endo
065722024013609930000281000004;endo
065722024004909930000649000003;endo
065722024004909930000649000006;endo
065722024004509930000311000001;endo
065722024004509930000311000004;endo
065722024006309930000147000001;endo
065722024014509930000321000007;endo
065722024002409930000389000001;endo
065722024005209930000139000004;endo
065722024011309930000603000001;endo
065722024011409930000354000001;endo
065722024000709930000320000001;endo
065722024012809930000024000001;endo
065722024013509930001077000001;endo
065722024014109820000001000001;endo
065722024014109820000001000002;endo
065722024014109820000001000003;endo
065722024014109820000001000004;endo
065722024014109820000001000009;endo
065722024014109820000001000010;endo
065722024014109820000001000011;endo
065722024014109820000001000012;endo
065722024002709930000137000009;endo
065722024011409930000227000003;endo
065722024011409930000227000009;endo
065722024004509930000218000001;endo
065722024004509930000218000003;endo
065722024004509930000218000006;endo
065722024004509930000218000016;endo
065722024004509930000218000017;endo
065722024011309930000414000003;endo
065722024001809930000349000001;endo
065722024001809930000349000003;endo
065722024001809930000349000004;endo
065722024001809930000349000007;endo
065722024001809930000349000008;endo
065722024013509930000762000010;endo
065722024013509930000762000009;endo
065722024011309930000426000001;endo
065722024002709930000146000009;endo
065722024002709930000146000010;endo
065722024002709930000146000011;endo
065722024002709930000146000025;endo
065722024002709930000146000024;endo
065722024002709930000146000026;endo
065722024006209930000295000002;endo
065722024011409930000244000002;endo
065722024011409930000244000006;endo
065722024011409930000244000008;endo
065722024011309930000443000003;endo
065722024013809930000257000003;endo
065722024013509930000804000001;endo
065722024010909930000406000008;endo
065722024010909930000406000009;endo
065722024010909930000406000007;endo
065722024010909930000406000010;endo
065722024010909930000406000012;endo
065722024010909930000406000013;endo
065722024010909930000406000017;endo
065722024005309930000115000004;endo
065722024003509930000252000004;endo
065722024001909930000225000002;endo
065722024001909930000226000003;endo
065722024011309930000454000002;endo
065722024005409930000099000003;endo
065722024012209930000008000012;endo
065722024002709930000160000002;endo
065722024002109930000255000005;endo
065722024002109930000255000008;endo
065722024002109930000255000010;endo
065722024002109930000255000012;endo
065722024002109930000255000013;endo
065722024002109930000255000018;endo
065722024013509930000853000001;endo
065722024006809930000188000006;endo
065722024013609930000243000008;endo
065722024004909930000543000001;endo
065722024004909930000544000001;endo
065722024004909930000550000001;endo
065722024010709930000550000001;endo
065722024013709930000074000001;endo
065722024012809930000018000002;endo
065722024012809930000018000003;endo
065722024012809930000019000004;endo
065722024005609930000154000003;endo
065722024005609930000155000001;endo
065722024005609930000155000002;endo
065722024005609930000155000006;endo
065722024013609930000295000001;endo
065722024005609930000235000008;endo
065722024005609930000235000010;endo
065722024004509930000320000003;endo
065722024003509930000327000001;endo
065722024003509930000327000006;endo
065722024003509930000327000005;endo
065722024011409930000364000002;endo
065722024010909930000541000003;endo
065722024011309930000628000002;endo
065722024011309930000628000006;endo
065722024013609930000299000004;endo
065722024013609930000299000003;endo
065722024003509820000026000001;endo
065722024001009930000304000001;endo
065722024004609930000335000003;endo
065722024004609930000335000004;endo
065722024004609930000335000005;endo
065722024004609930000335000006;endo
065722024004609930000335000007;endo
065722024004609930000335000008;endo
065722024004609930000335000009;endo
065722024004609930000335000010;endo
065722024014209930000299000003;endo
065722024004609930000349000001;endo
065722024014609930000113000005;endo
065722024006809930000260000001;endo
065722024000709930000353000004;endo
065722024000709930000353000015;endo
065722024006309930000164000003;endo
065722024011309930000667000002;endo
065722024011309930000667000004;endo
065722024010709930000743000001;endo
065722024010709930000743000004;endo
065722024003709930000219000003;endo
065722024002009930000364000002;endo
065722024003509930000338000002;endo
065722024003509930000340000001;endo
065722025006209930000025000001;endo
065722025006209930000025000002;endo
065722025006209930000025000004;endo
065722024011409930000387000002;endo
065722024011409930000387000003;endo
065722024005609930000212000001;endo
065722024005609930000212000002;endo
065722024006809930000264000001;endo
065722024000109930000192000001;endo
065722024002409820000047000001;endo
065722024006809930000298000002;endo
065722024006809930000298000003;endo
065722024006809930000298000004;endo
065722024006809930000298000005;endo
065722024006809930000298000009;endo
065722024005509930000138000001;endo
065722024005509930000138000003;endo
065722024005509930000138000004;endo
065722024013509930001158000001;endo
065722024010909930000575000002;endo
065722024014409930000391000001;endo
065722024002409930000472000001;endo
065722024005209930000147000002;endo
065722024000109930000193000001;endo
065722024000109930000193000002;endo
065722024004609930000527000002;endo
065722024004609930000552000002;endo
065722024002909820000064000001;endo
065722024002909820000064000002;endo
065722024002909820000064000008;endo
065722024002909820000064000007;endo
065722024014609930000116000063;endo
065722024014609930000116000064;endo
065722024000809930000328000001;endo
065722024011309930000548000002;endo
065722024004509930000288000001;endo
065722024004509930000288000004;endo
065722024004509930000288000002;endo
065722024004509930000288000005;endo
065722024004509930000288000003;endo
065722024004509930000288000006;endo
065722024006209930000378000002;endo
065722024006209930000378000005;endo
065722024013509930000941000007;endo
065722024013509930000941000005;endo
065722024011409930000300000007;endo
065722024011409930000300000008;endo
065722024011409930000300000011;endo
065722024011409930000300000012;endo
065722024011409930000300000013;endo
065722024010709930000631000003;endo
065722024010709930000631000004;endo
065722024004909930000610000001;endo
065722024004909930000610000002;endo
065722024004909930000610000003;endo
065722024004909930000610000004;endo
065722024004909930000610000005;endo
065722024004909930000610000006;endo
065722024004909930000610000007;endo
065722024005409930000105000001;endo
065722024014309930000127000003;endo
065722024011409930000317000004;endo
065722024011409930000317000008;endo
065722024011409930000317000007;endo
065722024011409930000317000011;endo
065722024011409930000317000015;endo
065722024011409930000317000016;endo
065722024001909930000271000001;endo
065722024001909930000271000002;endo
065722024001909930000271000003;endo
065722024014409930000343000003;endo
065722024002009930000323000001;endo
065722024002009930000323000002;endo
065722024004609930000378000003;endo
065722024000709930000296000002;endo
065722024004609930000399000001;endo
065722024002009930000331000003;endo
065722024010909930000484000004;endo
065722024010909930000484000006;endo
065722024010909930000484000008;endo
065722024010709930000685000003;endo
065722024011309930000582000002;endo
065722024004509930000308000004;endo
065722024011309930000586000003;endo
065722024011309930000586000004;endo
065722024004609930000422000001;endo
065722024004609930000422000004;endo
065722024005909930000166000001;endo
065722024005909930000166000002;endo
065722024011309930000598000003;endo
065722024004109930000221000002;endo
065722024010909930000506000002;endo
065722024002409930000528000001;endo
065722024004909930000800000001;endo
065722024010709930000820000001;endo
065722024010709930000820000002;endo
065722024014509930000342000003;endo
065722024011309930000722000001;endo
065722024013509930001197000001;endo
065722024001809930000386000001;endo
065722025011909930000022000022;endo
065722025011909930000022000028;endo
065722024011909930000370000001;endo
065722024011909930000255000001;endo
065722024011909930000192000001;endo
065722024011909930000258000001;endo
065722024011909930000085000001;endo
065722024011909930000057000001;endo
065722024011909930000121000001;endo
065722024011909930000250000002;endo
065722024011909930000076000001;endo
065722024011909930000333000002;endo
065722024011909930000327000002;endo
065722024011909930000300000002;endo
065722025002409820000008000001;endo
065722025002409820000009000001;endo
065722025002509930000056000001;endo
065722025002509930000056000003;endo
065722025012809930000003000001;endo
065722025013509930000088000002;endo
065722025004909930000004000002;endo
065722025011409930000027000001;endo
065722025002909820000001000001;endo
065722025002909820000001000007;endo
065722025013509930000096000002;endo
065722025002109930000010000001;endo
065722025014609930000018000003;endo
065722025014209930000006000001;endo
065722025014609930000024000001;endo
065722025014609930000024000002;endo
065722025006309930000001000001;endo
065722025013509930000117000001;endo
065722025013509930000117000002;endo
065722025013509930000126000001;endo
065722025010909930000014000001;endo
065722025011309930000080000001;endo
065722025014009930000044000001;endo
065722025004609930000073000001;endo
065722025004609930000073000002;endo
065722024011409930000349000002;endo
065722024005909930000175000001;endo
065722024005909930000175000002;endo
065722024005909930000175000004;endo
065722024011409930000351000002;endo
065722024005609930000187000001;endo
065722024005609930000187000002;endo
065722024005609930000187000003;endo
065722024005609930000188000003;endo
065722024003509930000318000002;endo
065722024003509930000318000003;endo
065722024003509930000318000006;endo
065722024014409930000367000001;endo
065722024014409930000367000002;endo
065722024002409930000441000009;endo
065722024002409930000441000013;endo
065722024002409930000441000015;endo
065722024002409930000441000017;endo
065722024004609930000491000003;endo
065722024004609930000491000006;endo
065722024002709930000205000004;endo
065722024002709930000205000003;endo
065722024004509930000326000002;endo
065722024013509930001079000002;endo
065722024013509930001079000005;endo
065722024004609930000492000003;endo
065722024004609930000492000006;endo
065722024014709930000470000003;endo
065722024014709930000470000007;endo
065722024004509930000333000007;endo
065722024004509930000333000016;endo
065722024004609930000490000003;endo
065722024004609930000490000006;endo
065722024004909930000707000006;endo
065722024004909930000707000007;endo
065722024004909930000707000008;endo
065722024010909930000558000003;endo
065722024010909930000558000006;endo
065722024004909930000713000001;endo
065722024004909930000713000002;endo
065722024004909930000713000005;endo
065722024004909930000713000006;endo
065722024005409930000129000003;endo
065722024004609930000495000001;endo
065722024004609930000496000001;endo
065722024004609930000497000001;endo
065722025003509930000052000001;endo
065722025003509930000051000002;endo
065722025001909930000020000002;endo
065722025000809930000057000001;endo
065722025012209930000002000001;endo
065722025004909930000151000002;endo
065722025001909930000002000001;endo
065722025005609820000001000001;endo
065722025013509930000139000001;endo
065722025013509930000017000001;endo
065722025013509930000017000003;endo
065722025013509930000017000004;endo
065722025013509930000017000007;endo
065722025013509930000017000008;endo
065722025013509930000138000002;endo
065722025013509930000138000004;endo
065722025013509930000138000006;endo
065722025013509930000138000007;endo
065722025013509930000138000010;endo
065722025013509930000138000011;endo
065722025002509930000065000001;endo
065722025013509930000033000001;endo
065722025013509930000036000001;endo
065722025013509930000045000001;endo
065722025013509930000037000001;endo
065722025013509930000038000001;endo
065722025013509930000039000001;endo
065722025013509930000040000001;endo
065722025013509930000041000001;endo
065722025013509930000042000001;endo
065722025014709930000078000001;endo
065722025013509930000214000001;endo
065722025013509930000057000001;endo
065722024013509930001167000003;endo
065722024001909930000342000001;endo
065722024001909930000342000002;endo
065722024001909930000342000004;endo
065722024001909930000342000014;endo
065722024004909930000777000002;endo
065722024004909930000775000002;endo
065722024004909930000775000005;endo
065722024002109820000076000001;endo
065722024002109820000076000003;endo
065722024004509930000364000001;endo
065722024011409930000414000001;endo
065722024011409930000414000002;endo
065722024014009930000333000002;endo
065722024014009930000333000005;endo
065722024004909930000795000012;endo
065722024004909930000795000013;endo
065722024004909930000795000014;endo
065722024004909930000795000008;endo
065722024004909930000795000009;endo
065722024004909930000795000010;endo
065722024004909930000795000011;endo
065722024014609930000208000002;endo
065722024014609930000217000002;endo
065722024002409930000537000002;endo
065722024014609930000219000002;endo
065722024000809930000383000002;endo
065722024000809930000383000003;endo
065722024000809930000383000004;endo
065722024000809930000383000005;endo
065722024014609930000220000002;endo
065722024000809930000388000003;endo
065722024014609930000235000002;endo
065722024000809930000386000002;endo
065722025014709930000005000001;endo
065722024014609930000246000003;endo
065722024014609930000246000006;endo
065722025011309930000011000002;endo
065722025011309930000011000003;endo
065722025011309930000011000004;endo
065722025002009930000012000001;endo
065722025002409820000002000001;endo
065722025004609930000026000001;endo
065722025013509930000047000001;endo
065722025001809930000017000001;endo
065722025004609930000036000001;endo
065722025004609930000036000003;endo
065722025011309930000032000002;endo
065722025011309930000032000004;endo
065722025011309930000032000007;endo
065722025014209930000043000001;endo
065722025014209930000043000002;endo
065722025014209930000043000003;endo
065722025014209930000043000004;endo
065722025014209930000043000005;endo
065722025014209930000043000006;endo
065722025014209930000043000007;endo
065722025014209930000043000008;endo
065722025014209930000043000009;endo
065722025014209930000043000010;endo
065722025014209930000043000011;endo
065722025014209930000043000012;endo
065722025014209930000043000013;endo
065722025014209930000043000014;endo
065722025014209930000043000015;endo
065722025014209930000043000016;endo
065722025014209930000043000017;endo
065722025014209930000043000018;endo
065722025014209930000043000019;endo
065722025014209930000043000020;endo
065722025014209930000043000021;endo
065722025014209930000043000022;endo
065722025014209930000043000023;endo
065722025014209930000043000024;endo
065722025014209930000043000025;endo
065722025014209930000043000026;endo
065722025014209930000043000027;endo
065722025014209930000043000028;endo
065722025014209930000043000029;endo
065722025014209930000043000030;endo
065722025004909930000062000001;endo
065722025010709930000066000001;endo
065722025010709930000066000002;endo
065722025004209930000059000001;endo
065722025010709930000060000004;endo
065722025004509930000038000001;endo
065722025002109820000007000001;endo
065722025011309930000082000002;endo
065722025011309930000082000004;endo
065722025014609930000027000002;endo
065722025014609930000027000003;endo
065722025001509820000002000001;endo
9300140719170948;endo
9300140719179425;endo
9300140719126291;endo
9300140719126365;endo
9300140719126366;endo
9300140719126367;endo
9300140719126368;endo
9300148887105784;endo
9300148887114086;endo
9300139461164843;endo
9300139461171561;endo
9300139461126309;endo
9300139461126736;endo
9300139461127594;endo
9300139461128385;endo
9300139461128860;endo
9300139461130489;endo
8100051924180896;endo
8100051924182486;endo
8100051924182878;endo
8100051924184122;endo
8100051924184145;endo
8100051924184157;endo
8100051924184180;endo
9300145799182451;endo
9300145799192113;endo
9300145799136716;endo
9300145799137561;endo
9300145799138241;endo
9300145799138486;endo
9300145799138487;endo
9300144285114931;endo
9300147813100043;endo
9300147813129877;endo
9300147813130137;endo
9300147813130145;endo
9300150398134229;endo
9300149491194182;endo
9300151837108412;endo
9300154105155498;endo
9300149347128087;endo
9300149347147520;endo
9300148560196730;endo
9300148560103674;endo
9300149545153313;endo
9300145046154409;endo
9300149767119964;endo
9300150129163206;endo
9300150596119595;endo
9300150596127691;endo
9300150596160305;endo
9300150596163004;endo
9300149879162577;endo
9300150229114378;endo
9300150229130950;endo
9300150229138317;endo
9300150229144581;endo
9300149694106266;endo
9300149694109232;endo
9300149694114246;endo
9300149694115095;endo
9300149694149863;endo
9300150274100085;endo
9300151390102595;endo
9300151390141905;endo
9300153909127136;endo
9300153909135066;endo
9300153909148674;endo
9300153909159316;endo
9300150889128884;endo
9300150277198882;endo
9300150677141906;endo
9300150677156681;endo
9300150529100696;endo
9300150253104027;endo
9300150253104030;endo
9300150253110539;endo
9300150253114426;endo
9300150253117882;endo
9300150253125232;endo
9300151825132522;endo
9300151825139557;endo
8100053804183391;endo
8100053804184779;endo
9300150278116975;endo
8100053806182610;endo
8100053806184768;endo
8100053806184801;endo
9300152390116821;endo
9300153284109252;endo
9300153284109253;endo
9300150358151105;endo
9300150358159329;endo
9300150358162114;endo
9300151192159722;endo
9300150285111971;endo
9300150285120325;endo
9300150285136335;endo
9300150285142475;endo
9300150285148484;endo
9300150286111970;endo
9300150286120326;endo
9300150286126549;endo
9300150286136169;endo
9300150286148485;endo
8100053422182242;endo
8100053422182460;endo
8100053422183966;endo
9300151118148498;endo
9300152773138634;endo
9300149899127028;endo
9300149899141325;endo
9300149899151730;endo
9300151473114239;endo
9300151473114238;endo
9300151190101324;endo
9300151190102892;endo
9300150552108073;endo
9300151832105041;endo
9300152416126969;endo
9300152416126968;endo
9300150679140552;endo
9300150846122890;endo
9300153714125725;endo
9300154451115492;endo
9300153329111897;endo
9300151931124571;endo
9300151454124597;endo
9300150945105436;endo
9300151194115445;endo
9300151194119683;endo
9300149956107665;endo
9300149956107667;endo
9300151939122731;endo
9300150520107875;endo
9300150520153991;endo
9300150520159804;endo
9300150520163771;endo
9300153381124167;endo
9300152428138260;endo
9300152431138261;endo
9300152434138262;endo
9300153011155671;endo
9300153496162223;endo
9300153782116363;endo
9300153535136641;endo
9300153535142661;endo
9300153912160877;endo
9300153912160878;endo
8100053860183586;endo
8100053860184310;endo
9300152469162025;endo
9300152469164280;endo
9300152470139086;endo
9300152470145451;endo
9300152470155104;endo
9300152470161897;endo
9300152470164279;endo
9300148810198621;endo
9300148810115926;endo
9300148810116917;endo
9300148810124163;endo
9300149773150816;endo
9300149773162080;endo
9300149773162371;endo
9300149633147529;endo
9300149633150095;endo
9300149280101539;endo
9300149882107883;endo
9300149626127692;endo
9300149804127748;endo
9300149804135156;endo
9300154350157575;endo
9300154117120246;endo
9300154488140541;endo
9300154488140543;endo
9300154488147536;endo
9300154488147691;endo
9300154488148106;endo
9300154536127702;endo
9300154528115474;endo
9300154528158994;endo
9300154528159602;endo
9300154529123508;endo
9300154550118949;endo
9300154550140518;endo
9300154550162690;endo
9300154550163172;endo
9300154563144892;endo
9300154632163013;endo
9300150548147817;endo
9300150549119222;endo
9300150549135359;endo
9300150549141802;endo
9300150549147959;endo
9300150550127695;endo
9300150550135312;endo
9300150550141803;endo
9300150550147818;endo
9300150551119226;endo
9300150551127696;endo
9300150551135360;endo
9300150551135529;endo
9300150551140078;endo
9300150551140145;endo
9300150551147867;endo
9300154984136524;endo
9300154984136525;endo
9300154984136527;endo
9300154984136528;endo
9300154984136530;endo
9300154984136532;endo
9300150736128627;endo
9300150736137153;endo
9300154692141647;endo
9300154692143934;endo
8100054348183584;endo
8100054348183899;endo
8100054348184126;endo
9300154962133210;endo
9300154294120244;endo
9300154865123521;endo
9300154866158778;endo
9300154866162015;endo
9300154866164230;endo
9300151472108935;endo
9300151472108937;endo
9300151472108938;endo
9300151472108939;endo
9300151472108952;endo
9300151472108960;endo
9300151472108963;endo
9300151472108964;endo
9300151472108965;endo
9300151472108966;endo
9300150171107224;endo
9300150171154934;endo
9300150208120823;endo
9300150208163613;endo
9300150392133660;endo
9300150392160022;endo
9300147775101335;endo
9300147775101336;endo
9300147775149486;endo
9300147775159803;endo
9300147775160447;endo
9300147775162436;endo
9300147775162438;endo
9300147773116894;endo
9300145869133643;endo
9300145869133647;endo
9300145869133683;endo
9300145869133684;endo
9300145869133688;endo
9300145869137322;endo
9300145869137956;endo
9300145869144460;endo
8100051299180796;endo
8100051299181230;endo
8100051299182234;endo
8100051299182344;endo
9300136568168871;endo
9300136568176889;endo
9300136568177925;endo
9300136568129992;endo
9300136568130410;endo
9300136568130411;endo
9300136568130412;endo
9300136568130413;endo
9300132230126301;endo
9300132230129257;endo
9300132230128809;endo
9300132230139627;endo
9300132957140282;endo
9300132957140283;endo
9300132957140284;endo
9300132957140285;endo
9300132957140287;endo
9300132957191110;endo
9300132957191112;endo
9300132957191114;endo
9300132957191115;endo
9300132957191116;endo
9300132957105619;endo
9300132957105620;endo
9300132957109158;endo
9300132957164147;endo
9300132957164172;endo
9300139185156651;endo
9300139185156653;endo
9300139185156658;endo
9300139185156669;endo
9300139185156689;endo
9300139185156705;endo
9300139185156753;endo
9300139185164506;endo
9300139185164507;endo
9300139185164509;endo
9300139185164511;endo
9300139185164527;endo
9300139185164531;endo
9300139185180656;endo
9300139185180657;endo
9300140136194241;endo
9300140136195294;endo
9300140136136625;endo
9300140136142454;endo
9300137145118191;endo
9300137145126907;endo
9300137145128448;endo
9300142463176820;endo
9300142463185629;endo
9300142463129721;endo
9300142463130416;endo
9300142463130417;endo
9300142463130418;endo
9300142463130419;endo
9300144022127174;endo
9300144022133093;endo
9300144022135930;endo
9300143293107562;endo
9300143293107565;endo
9300143293116225;endo
9300143293116226;endo
9300143293124582;endo
9300143293124583;endo
9300144524185835;endo
9300144524195033;endo
9300144524195745;endo
9300144524136715;endo
9300144524136838;endo
9300144524136839;endo
9300144524136840;endo
9300147095125159;endo
9300147095132987;endo
9300147095133091;endo
9300147095146074;endo
9300147095155640;endo
9300147095155641;endo
9300147095155955;endo
9300147095155956;endo
9300147095155970;endo
9300147095155971;endo
9300147095159726;endo
9300144639173288;endo
9300144639188021;endo
9300144639126311;endo
9300144639126406;endo
9300144639126407;endo
9300144639126408;endo
9300143839113392;endo
9300143839141101;endo
9300143839148857;endo
9300140425157678;endo
9300140425161237;endo
9300140425195814;endo
9300140425196674;endo
9300140425196676;endo
9300140425197301;endo
9300140747171570;endo
9300140747180449;endo
9300140747126293;endo
9300140747126369;endo
9300140747126370;endo
9300140747126394;endo
9300140747126395;endo
9300140747126396;endo
9300143795176941;endo
9300143795185707;endo
9300143795129786;endo
9300143795130422;endo
9300143795130423;endo
9300143795130424;endo
9300143795130425;endo
9300145753146178;endo
9300149428121444;endo
9300149428129889;endo
9300149428137146;endo
9300143519176931;endo
9300143519194866;endo
9300143519129859;endo
9300143519130451;endo
9300143519130452;endo
9300143519130454;endo
9300147091151410;endo
9300148213163621;endo
9300149507159833;endo
9300151188139442;endo
9300151188145254;endo
8100053003182566;endo
9300148717119624;endo
9300149345144110;endo
9300154045112496;endo
9300154045113462;endo
9300149860100680;endo
9300149860115351;endo
9300149906114894;endo
9300150666105669;endo
9300150666105670;endo
9300150666105671;endo
9300150666115478;endo
9300150666115479;endo
9300150666122978;endo
9300150666122979;endo
9300150666122980;endo
9300149785134052;endo
8100053895184044;endo
8100053895184044;endo
8100053895184044;endo
8100053895184239;endo
8100053895184239;endo
8100053895184239;endo
9300150118132445;endo
9300151566157112;endo
8100053644182813;endo
8100053644182973;endo
8100053644183803;endo
8100053644184036;endo
8100053644184630;endo
8100053644184646;endo
8100053644184762;endo
9300151127106350;endo
9300151556130860;endo
9300151556130899;endo
9300151262110419;endo
9300151262110420;endo
9300150761161142;endo
9300150761163325;endo
9300151180107072;endo
9300151180123749;endo
9300151180129591;endo
9300151180150855;endo
9300151180158805;endo
9300151180161954;endo
9300150122164167;endo
9300150346112208;endo
9300151273149920;endo
9300150615146460;endo
9300150615146604;endo
9300150615148754;endo
9300150588129232;endo
9300150588144298;endo
9300150728126579;endo
9300153707141434;endo
9300153707147254;endo
9300151576165185;endo
9300151585146909;endo
9300151585159841;endo
9300151581146907;endo
9300151581159840;endo
9300151355113930;endo
9300151355122110;endo
9300152183139783;endo
9300151477117483;endo
9300151477133724;endo
9300151595141611;endo
9300151595141630;endo
9300150712155991;endo
9300151537105066;endo
9300150626152313;endo
9300150422158451;endo
9300145966194603;endo
9300145966103442;endo
9300145966110568;endo
9300145966114665;endo
9300147190190245;endo
9300147190198167;endo
9300147190136702;endo
9300147190136796;endo
9300147190136797;endo
9300147190136798;endo
9300147190139065;endo
9300148532198170;endo
9300148532198320;endo
9300148532141577;endo
9300148532142229;endo
9300148532142534;endo
9300148532142982;endo
9300149586143860;endo
9300149704148062;endo
9300148237103134;endo
9300148237111935;endo
9300148237141589;endo
9300148237142187;endo
9300148237142298;endo
9300148237142861;endo
9300150955150332;endo
9300150955150334;endo
9300148319141105;endo
9300148319147353;endo
9300150716149993;endo
9300150715149992;endo
9300150714149991;endo
9300150717149990;endo
9300152125105197;endo
9300152097109597;endo
9300151983113869;endo
9300151983114480;endo
9300151983117775;endo
9300151983126960;endo
9300152580106781;endo
9300152580113609;endo
9300152580122374;endo
9300152580153037;endo
9300152580161244;endo
9300152471115143;endo
9300152090121928;endo
9300152180113003;endo
9300152180157396;endo
9300152649164425;endo
9300152649164615;endo
9300152558113884;endo
9300150952152267;endo
9300154613164672;endo
9300153380126159;endo
9300153380159174;endo
9300153739138616;endo
9300153739139810;endo
8100054000183143;endo
8100054000184805;endo
9300152464114471;endo
9300152479144668;endo
9300152479158586;endo
9300152673146502;endo
9300152673149539;endo
9300152453123172;endo
9300152453164059;endo
9300152542125130;endo
9300152542125137;endo
9300152542126337;endo
9300152542161433;endo
9300152460127653;endo
9300152460146966;endo
9300152299113433;endo
9300152535115465;endo
9300152325141948;endo
9300153385150279;endo
9300152474132994;endo
9300152474150241;endo
9300152474154321;endo
9300152474156989;endo
9300152154109651;endo
9300152363125604;endo
9300152363162503;endo
9300153415111661;endo
9300153955125156;endo
9300153955127451;endo
9300153955131938;endo
9300152807132559;endo
9300154030113538;endo
9300154030164621;endo
9300153973123738;endo
9300153973161696;endo
9300152882162628;endo
9300152761161136;endo
9300154051113485;endo
9300152682146787;endo
9300152682150929;endo
9300153430141069;endo
9300153430146987;endo
9300153532110649;endo
9300153784124812;endo
9300153784155419;endo
9300153784159337;endo
9300152839125122;endo
9300152839131391;endo
9300152839138348;endo
9300152839154282;endo
9300154599129443;endo
9300154064150211;endo
9300154064164070;endo
9300148896156024;endo
9300149987164376;endo
9300149465194824;endo
9300149465103718;endo
9300149465136726;endo
9300149465136848;endo
9300149465136849;endo
9300149465136850;endo
9300149555112231;endo
9300149466193926;endo
9300149466198217;endo
9300149466136720;endo
9300149466136841;endo
9300149466136842;endo
9300149466136843;endo
9300149466139565;endo
8100053738183539;endo
9300149908145472;endo
9300151501128862;endo
9300151501135609;endo
9300151501142517;endo
8100053739182511;endo
8100053739182790;endo
8100053739183178;endo
8100053739183486;endo
8100053739184432;endo
9300150009146850;endo
9300150026117562;endo
9300150026117563;endo
9300150026117564;endo
9300150026117565;endo
9300150026117566;endo
9300150026119682;endo
9300150026146114;endo
9300150173140300;endo
9300150173146241;endo
9300154140144723;endo
9300154140149955;endo
9300154140161209;endo
9300154472156309;endo
9300154466136038;endo
9300154385141845;endo
9300154385142589;endo
9300154385152617;endo
9300154385156662;endo
9300154297139769;endo
9300154358128221;endo
9300154358131922;endo
9300154358163010;endo
9300153941111171;endo
9300154224116959;endo
9300151336126569;endo
9300151336134558;endo
9300151336134964;endo
9300152304120642;endo
9300152304129031;endo
9300154143124780;endo
9300154478126078;endo
9300150811123493;endo
9300154479154659;endo
8100053868182311;endo
9300151249149981;endo
9300151183110346;endo
9300151121122171;endo
9300151121130472;endo
9300151121136856;endo
9300151140126051;endo
9300151140133713;endo
9300151140140664;endo
9300151235133528;endo
9300151235140368;endo
9300151835145471;endo
9300151398124359;endo
9300152402139594;endo
9300152693126921;endo
9300151765133271;endo
9300151765146293;endo
9300151764140967;endo
9300151928129860;endo
9300151928136972;endo
9300154755120935;endo
9300151934115294;endo
9300151934118978;endo
9300151934124934;endo
9300151934124935;endo
9300151934124936;endo
9300151934124937;endo
9300151934125433;endo
9300151934138480;endo
9300151934138483;endo
9300151934154641;endo
9300151934159156;endo
9300151934161623;endo
9300151934164181;endo
9300151934164183;endo
9300151934164184;endo
9300151934164497;endo
9300151934164500;endo
9300151934165301;endo
9300153900153038;endo
9300152083152101;endo
9300152083159281;endo
9300152216138378;endo
9300152216144141;endo
9300152216146780;endo
9300152216161395;endo
9300152122105805;endo
9300152122114222;endo
9300152122117768;endo
9300152122122826;endo
9300152122138038;endo
9300152122144626;endo
9300152122149831;endo
9300152122154529;endo
9300152122158407;endo
9300153114121698;endo
9300153114129726;endo
9300153114143151;endo
9300152338119803;endo
9300152708150017;endo
9300152852116434;endo
9300152852132467;endo
9300152851151578;endo
9300152881156587;endo
9300152920131359;endo
9300153086161824;endo
9300153342140807;endo
9300153342141927;endo
9300153342142744;endo
9300153342164580;endo
8100054232183179;endo
8100054232183521;endo
9300154397125968;endo
9300154397133358;endo
9300153753134088;endo
9300153753144021;endo
9300154157124118;endo
9300154159124117;endo
9300154159132284;endo
9300154621134051;endo
8100054302183165;endo
8100054302183510;endo
9300154769128003;endo
9300154769135183;endo
9300154795136346;endo
9300154795136347;endo
9300154821159159;endo
9300154947157842;endo
9300150198118883;endo
9300150198122354;endo
9300150198148063;endo
9300133588132176;endo
9300133588132179;endo
9300133588142373;endo
9300133588142403;endo
9300133588142412;endo
9300133588166175;endo
9300133588166178;endo
9300133588166181;endo
9300133588188818;endo
9300133588198561;endo
9300133588152428;endo
9300142042172857;endo
9300142042172864;endo
9300142042172877;endo
9300142042172903;endo
9300142042172935;endo
9300142042172937;endo
9300142042172939;endo
9300142042172940;endo
9300142042181501;endo
9300142042181511;endo
9300142042146530;endo
9300149264125780;endo
9300149264133478;endo
9300144343172438;endo
9300149059193099;endo
9300149059102235;endo
9300149059136704;endo
9300149059136845;endo
9300149059136846;endo
9300149059136847;endo
7700000473107427;endo
7700000473107839;endo
7700000473108340;endo
9300147045127505;endo
8100054043184117;endo
8100054043184736;endo
9300153204131845;endo
9300152443125664;endo
9300153125108881;endo
9300153125110546;endo
9300153268121734;endo
9300150321148064;endo
9300149615142586;endo
9300149615148117;endo
9300150531103096;endo
9300150531112129;endo
9300150531120454;endo
9300150531129221;endo
9300150531135925;endo
9300150531143956;endo
9300150531148751;endo
9300150634112130;endo
9300150634120687;endo
9300150634129245;endo
9300150634142869;endo
9300150634148413;endo
9300150476145316;endo
9300150476150852;endo
9300150480151617;endo
9300150480152405;endo
9300154465136036;endo
9300154395135595;endo
9300154395162941;endo
9300154302162768;endo
9300154302164631;endo
9300154336152331;endo
9300154336162769;endo
9300154336164643;endo
9300154574139784;endo
9300154574161716;endo
9300154574162359;endo
9300154281119973;endo
9300154558127704;endo
9300154558152637;endo
9300154359121008;endo
9300154359121009;endo
9300154359121010;endo
9300154359121011;endo
9300154359121012;endo
9300154359121013;endo
9300154359124713;endo
9300154359124718;endo
9300154359124760;endo
9300154359124763;endo
9300154359124765;endo
9300154359125271;endo
9300154156156907;endo
8100053814182149;endo
8100053814182345;endo
8100053814183720;endo
8100053814183780;endo
8100053814183796;endo
8100053814183804;endo
8100053827183906;endo
9300151009134903;endo
9300151009147497;endo
9300151015134902;endo
9300151015147501;endo
9300151011134904;endo
9300151011147498;endo
9300151014134912;endo
9300151014147500;endo
9300151016134911;endo
9300151016147502;endo
9300151012134910;endo
9300151012147499;endo
9300152333151472;endo
9300151252120631;endo
9300151252129000;endo
9300151252136235;endo
9300151252143084;endo
9300151252148647;endo
9300151518141031;endo
9300151840146346;endo
9300151719164264;endo
9300151719165261;endo
9300153030120268;endo
9300153030128883;endo
9300152449114221;endo
9300152449129582;endo
9300152449138255;endo
9300152449140085;endo
9300152449142417;endo
9300152449147663;endo
9300152630111737;endo
9300152630121751;endo
9300152630142963;endo
9300152630148986;endo
9300152716132757;endo
9300152717132752;endo
9300152719139727;endo
9300153788159282;endo
9300153788162496;endo
9300153717116631;endo
9300154218117830;endo
9300154218127015;endo
9300154218145601;endo
9300154218145896;endo
9300154218147079;endo
9300154480139558;endo
9300154480145600;endo
8100054338183020;endo
8100054338183020;endo
8100054338183020;endo
8100054338183020;endo
8100054338183020;endo
8100054338183020;endo
8100054338183020;endo
8100054338183020;endo
8100054338183020;endo
8100054338183020;endo
8100054338183020;endo
8100054338183020;endo
9300154384139475;endo
9300154384145708;endo
9300154635133600;endo
9300154635140362;endo
9300154677121033;endo
9300154676121032;endo
9300154679120928;endo
9300154682120933;endo
9300154683120934;endo
9300154680120930;endo
9300154729133413;endo
9300154827139062;endo
9300154827145172;endo
9300155040124719;endo
9300155040130420;endo
9300155040144391;endo
9300155042124723;endo
9300155027149185;endo
9300155027152110;endo
9300155059149101;endo
9300155052123701;endo
8100053740183270;endo
8100053740183682;endo
8100053740183887;endo
8100053740184141;endo
8100053740184396;endo
8100053740184497;endo
7700000510107476;endo
7700000510107678;endo
7700000510107709;endo
7700000510107710;endo
7700000510107711;endo
7700000510107712;endo
7700000510107713;endo
7700000510108123;endo
8100047052178562;endo
8100048175175848;endo
8100048175178052;endo
8100049838180397;endo
9300005753152131;endo
9300013187157501;endo
9300013187159394;endo
9300013187164709;endo
9300013187164710;endo
9300013187164711;endo
9300013187164712;endo
9300022894175909;endo
9300022894178697;endo
9300022894185458;endo
9300022894109635;endo
9300022894113512;endo
9300033053117019;endo
9300033053159345;endo
9300043049101969;endo
9300050032163441;endo
9300050032163442;endo
9300050032163512;endo
9300050032167111;endo
9300050032171922;endo
9300050032171924;endo
9300050032177866;endo
9300050032199231;endo
9300052749106004;endo
9300052749106014;endo
9300052749106032;endo
9300052749106036;endo
9300052749106043;endo
9300052749106048;endo
9300052749106052;endo
9300052749106054;endo
9300052749106062;endo
9300052749106064;endo
9300052749106075;endo
9300052749141724;endo
9300052749155446;endo
9300052749155447;endo
9300052749155448;endo
9300052749155449;endo
9300052749155450;endo
9300052749155451;endo
9300052749155452;endo
9300052749155453;endo
9300052749155454;endo
9300052749155455;endo
9300052749155457;endo
9300052749155456;endo
9300052749165174;endo
9300058352100230;endo
9300058352117863;endo
9300058352123861;endo
9300058352123879;endo
9300058352157205;endo
9300058352157210;endo
9300058352157213;endo
9300058352157229;endo
9300058352158349;endo
9300058352158347;endo
9300058352158346;endo
9300061089151951;endo
9300062184135396;endo
9300069094144444;endo
9300069094149127;endo
9300069094149225;endo
9300069094151428;endo
9300069094172040;endo
9300069584128841;endo
9300070190104464;endo
9300070984173934;endo
9300070984173935;endo
9300070984173936;endo
9300070984173937;endo
9300070984173938;endo
9300070984136054;endo
9300070984136075;endo
9300070984137676;endo
9300070984143857;endo
9300070984143858;endo
9300070984143860;endo
9300071299158544;endo
9300078171125864;endo
9300078171173026;endo
9300075449175723;endo
9300076406131531;endo
9300081446111830;endo
9300079411125994;endo
9300079411151227;endo
9300080331174459;endo
9300080331182618;endo
9300083929152026;endo
9300083929160654;endo
9300083929160655;endo
9300087887183457;endo
9300087887199542;endo
9300088580198315;endo
9300083863125743;endo
9300083863106184;endo
9300083863113844;endo
9300088283160972;endo
9300088283160975;endo
9300088283160985;endo
9300088283166044;endo
9300088283166054;endo
9300088283166057;endo
9300088283169318;endo
9300088283169323;endo
9300088283177161;endo
9300088283177162;endo
9300088283177163;endo
9300088283177164;endo
9300088283185379;endo
9300088283193383;endo
9300092224152165;endo
9300092224125945;endo
9300093278158097;endo
9300093278158105;endo
9300093278158113;endo
9300093278158123;endo
9300093278158125;endo
9300093278158126;endo
9300093278158127;endo
9300093278158134;endo
9300093278158135;endo
9300093278158137;endo
9300093278158139;endo
9300093278159469;endo
9300093278160778;endo
9300093278192033;endo
9300093278107796;endo
9300099481178380;endo
9300099481178394;endo
9300099481178449;endo
9300099481178463;endo
9300099481178467;endo
9300099481178469;endo
9300099481178471;endo
9300099481178928;endo
9300099481189419;endo
9300099481189422;endo
9300099481189428;endo
9300099481189431;endo
9300099481189437;endo
9300099481189447;endo
9300099481189479;endo
9300099481189483;endo
9300099481189488;endo
9300099481189545;endo
9300099481189551;endo
9300099481197675;endo
9300099481198294;endo
9300099481105653;endo
9300099481105977;endo
9300099481113897;endo
9300099481113899;endo
9300099481138598;endo
9300099481138599;endo
9300099481138710;endo
9300099481146533;endo
9300099481146539;endo
9300099481146732;endo
9300099481154781;endo
9300099481154812;endo
9300099481154816;endo
9300099481154906;endo
9300100694166267;endo
9300100694166265;endo
9300100694174380;endo
9300104265197245;endo
9300104265197246;endo
9300104265197247;endo
9300104265197248;endo
9300104265197249;endo
9300104265197250;endo
9300104265197251;endo
9300104265197252;endo
9300107076148077;endo
9300106125172407;endo
9300112271101330;endo
9300112271109666;endo
9300112271125451;endo
9300110419144818;endo
9300110419144852;endo
9300110419146992;endo
9300110419153108;endo
9300110419193782;endo
9300112964185862;endo
9300112964185865;endo
9300112964102134;endo
9300116085114845;endo
9300116085117277;endo
9300116085130384;endo
9300116085130385;endo
9300116085130386;endo
9300116085130387;endo
9300116085130388;endo
9300116085130389;endo
9300116085130390;endo
9300116085130391;endo
9300117519141459;endo
9300113417182424;endo
9300113417189461;endo
9300126311117794;endo
9300126311167182;endo
9300126311102027;endo
9300128167125422;endo
9300128380174939;endo
9300128380197361;endo
9300130631162647;endo
9300130631198863;endo
9300134578164830;endo
9300134578164837;endo
9300134578166756;endo
9300134578125401;endo
9300136417162809;endo
9300136417188558;endo
9300136417198789;endo
9300134831126084;endo
9300134831133078;endo
9300134831133730;endo
9300134554140811;endo
9300134554140818;endo
9300134554140927;endo
9300134554140954;endo
9300134554140975;endo
9300134554143959;endo
9300134554143961;endo
9300134554149653;endo
9300134554140852;endo
9300134554140862;endo
9300134554140863;endo
9300134554140864;endo
9300134554144227;endo
9300134554145825;endo
9300134554146535;endo
9300134320192638;endo
9300140851124637;endo
9300140851124642;endo
9300138981130769;endo
9300138981151223;endo
9300134542148711;endo
9300134542151736;endo
9300134542156933;endo
9300135289164173;endo
9300135289164174;endo
9300135289164176;endo
9300135289164177;endo
9300135289164178;endo
9300135289164179;endo
9300135289164565;endo
9300135289164594;endo
9300135289199338;endo
9300135289199370;endo
9300135289125970;endo
9300135289125978;endo
9300136024146004;endo
9300136024146006;endo
9300136024146007;endo
9300136024146009;endo
9300136024146005;endo
9300136024154081;endo
9300136024158663;endo
9300136024160707;endo
9300136024164320;endo
9300136024164326;endo
9300136024132928;endo
9300136024132942;endo
9300144985174415;endo
9300143435193405;endo
9300144091175994;endo
9300142953199820;endo
9300147329191189;endo
9300147329151178;endo
9300147329151179;endo
9300147329152271;endo
9300139627130572;endo
9300140697119194;endo
9300147051183820;endo
9300145506158084;endo
9300145652119526;endo
9300143880177862;endo
9300143880197726;endo
9300143880105602;endo
9300143880131826;endo
9300147975194158;endo
9300147975194166;endo
9300147975198713;endo
9300147975102202;endo
9300147975111713;endo
9300147975120980;endo
9300147975128683;endo
9300147975130399;endo
9300147975152934;endo
9300147975157030;endo
9300147975157048;endo
9300147975157049;endo
9300147975163134;endo
9300145008175108;endo
9300145008175109;endo
9300145481179165;endo
9300147660197373;endo
9300147660197376;endo
9300108688131106;endo
9300108688131195;endo
9300108688131206;endo
9300108688131212;endo
9300108688131608;endo
9300108688157563;endo
9300108688180913;endo
9300108688196333;endo
9300108688196456;endo
9300152405139882;endo
8100053146182375;endo
9300150909158649;endo
9300150909161537;endo
9300150909161538;endo
9300150909161541;endo
9300150909161551;endo
9300099050169949;endo
9300152174119393;endo
9300144984174792;endo
9300144984174793;endo
9300144984174794;endo
9300144984174795;endo
9300144984174796;endo
9300144984174797;endo
9300144984174798;endo
9300144984174799;endo
9300144984174800;endo
9300144984174801;endo
9300144984174802;endo
9300144984174803;endo
9300144984174962;endo
9300144984174977;endo
9300144984174978;endo
9300144984174979;endo
9300144984174980;endo
9300144984174981;endo
9300144984174983;endo
9300144984174984;endo
9300144984174985;endo
9300144984174988;endo
9300144984174989;endo
9300144984174990;endo
9300144984174991;endo
9300144984174992;endo
9300144984174993;endo
9300144984174994;endo
9300144984174995;endo
9300144984174996;endo
9300144984174998;endo
9300144984174999;endo
9300144984175000;endo
9300144984175001;endo
9300144984175003;endo
9300144984175004;endo
9300144984175005;endo
9300144984175030;endo
9300144984175032;endo
9300144984175034;endo
9300144984175036;endo
9300144984175039;endo
9300144984175040;endo
9300144984175042;endo
9300144984175045;endo
9300144984175046;endo
9300144984175047;endo
9300144984175048;endo
9300144984175050;endo
9300144984175132;endo
9300144984175133;endo
9300144984175134;endo
9300144984175138;endo
9300144984175140;endo
9300144984175141;endo
9300144984175158;endo
9300144984175159;endo
9300144984175160;endo
9300144984175161;endo
9300144984175162;endo
9300144984175163;endo
9300144984175164;endo
9300144984175165;endo
9300144984175168;endo
9300144984175169;endo
9300144984175170;endo
9300144984175171;endo
8100053836184474;endo
8100053836184475;endo
8100053836184476;endo
8100053836184477;endo
8100053836184478;endo
8100053836184479;endo
8100053836184480;endo
8100053836184481;endo
8100053836184482;endo
8100053836184483;endo
9300146075149491;endo
9300146075154015;endo
9300146082149279;endo
9300146082154017;endo
9300146175143730;endo
9300146175149254;endo
9300146211149244;endo
9300146211153725;endo
9300146353119045;endo
9300146353119634;endo
9300146353119636;endo
9300146353121247;endo
9300146358113241;endo
9300146358130443;endo
9300146358143665;endo
9300146358144015;endo
9300146375149336;endo
9300146375153777;endo
9300146415119046;endo
9300146415119639;endo
9300146415119640;endo
9300146415121810;endo
9300146541186668;endo
9300146541143325;endo
9300146541149382;endo
9300146818195387;endo
9300146818104117;endo
9300146818126597;endo
9300146818129758;endo
9300148333190607;endo
9300148333190608;endo
9300148333190609;endo
9300148333190610;endo
9300148333190611;endo
9300148333190612;endo
9300148333190613;endo
9300148333190614;endo
9300148333190615;endo
9300148333190617;endo
9300148333190619;endo
9300148333190620;endo
9300148333190622;endo
9300148333190623;endo
9300148333190625;endo
9300148333190626;endo
9300148333190627;endo
9300148333190629;endo
9300148333190630;endo
9300148333190631;endo
9300148333190632;endo
9300148333190633;endo
9300148333190636;endo
9300148333190637;endo
9300146695186813;endo
9300137093134694;endo
9300137093134761;endo
9300137093134762;endo
9300137093134764;endo
9300137093134765;endo
9300149621194446;endo
9300149621194447;endo
9300149621194448;endo
9300149621194449;endo
9300149621198255;endo
9300147174185052;endo
9300147174188639;endo
9300147174106425;endo
9300147174106426;endo
9300147174106427;endo
9300147174106428;endo
9300147174106431;endo
9300147174123782;endo
9300147174123783;endo
9300147174123784;endo
9300147174125096;endo
9300147174131861;endo
9300147174131860;endo
9300147174131863;endo
9300147174145714;endo
9300140303160240;endo
9300142090144419;endo
9300142090149789;endo
9300142088144418;endo
9300142088149788;endo
9300145289140200;endo
9300145289146310;endo
9300148332151949;endo
9300148332152301;endo
8100052640183989;endo
8100052640184204;endo
9300145513198054;endo
9300145513107266;endo
9300145513137358;endo
9300145513138549;endo
9300145513139552;endo
9300144346135131;endo
9300144346141852;endo
9300147380136983;endo
9300147380148944;endo
9300145573199942;endo
9300145573108325;endo
9300145573141564;endo
9300145573142258;endo
9300145573142538;endo
9300145573143103;endo
9300144722142928;endo
9300144722147495;endo
9300144722148449;endo
9300144722149728;endo
9300144722153362;endo
9300148690133588;endo
9300148690140366;endo
9300149716111177;endo
9300149716111195;endo
9300149716111202;endo
9300149716111203;endo
9300149716111210;endo
9300149716142506;endo
9300149716142507;endo
9300149716142778;endo
9300149716144976;endo
9300148525143813;endo
9300148525148593;endo
9300151090113866;endo
8100054436183607;endo
8100054436183919;endo
8100054436183944;endo
8100054436184135;endo
9300149535140000;endo
9300149535146446;endo
9300151275103713;endo
9300149541159584;endo
8100053835184174;endo
8100053835184349;endo
8100053835184417;endo
9300153090108895;endo
9300149610116888;endo
9300151937105042;endo
9300151937110180;endo
9300151387152834;endo
9300151177162942;endo
9300151177162944;endo
9300151177164525;endo
9300145893139563;endo
9300145893145373;endo
9300145893163312;endo
9300145893163639;endo
9300145893163831;endo
9300145893164064;endo
9300145915133765;endo
9300145915140595;endo
9300145915162402;endo
9300145915162558;endo
9300145915162807;endo
9300145915162808;endo
9300147266145433;endo
8100052855182084;endo
8100052855182500;endo
9300148477103719;endo
9300148477143833;endo
9300148477148603;endo
9300149223112001;endo
9300149223114821;endo
9300149224112002;endo
9300153238134695;endo
8100054221184443;endo
9300153327154710;endo
9300070734176474;endo
9300147821139718;endo
9300123585117285;endo
9300123585117362;endo
9300123585125124;endo
9300123585125125;endo
9300123585125127;endo
9300123585125132;endo
9300123585125137;endo
9300123585125145;endo
9300123585149631;endo
9300123585157492;endo
9300123585166097;endo
9300123585166160;endo
9300123585173795;endo
9300094395157582;endo
9300094395157588;endo
9300094395157592;endo
9300094395157595;endo
9300094395157597;endo
9300094395157599;endo
9300094395166190;endo
9300094395169720;endo
9300094395173652;endo
9300094395173653;endo
9300094395173659;endo
9300094395173660;endo
9300094395173661;endo
9300094395173662;endo
9300094395198454;endo
9300094395121088;endo
9300094395121090;endo
9300094395121091;endo
9300094395121093;endo
9300094395121095;endo
9300094395121096;endo
9300094395130115;endo
7700000499106819;endo
7700000499107146;endo
7700000499107305;endo
9300080182145872;endo
9300080182170795;endo
9300135480115975;endo
9300135480124570;endo
9300143274183838;endo
9300143274183840;endo
9300143274183841;endo
9300143274183842;endo
9300143274183843;endo
9300143274183844;endo
9300112240160312;endo
9300112240160316;endo
9300112240160317;endo
9300112240160320;endo
9300111531142679;endo
9300111531142680;endo
9300111531142681;endo
9300111531142683;endo
9300111531142684;endo
9300111531142685;endo
9300111531142686;endo
9300111531142687;endo
9300111531142688;endo
9300111531142694;endo
9300111531142696;endo
9300111531142703;endo
9300111531142710;endo
9300111531142713;endo
9300111531142718;endo
9300111531142722;endo
9300111531142855;endo
9300111531142856;endo
9300111531142857;endo
9300111531142858;endo
9300111531142859;endo
9300111531142860;endo
9300111531142861;endo
9300111531142862;endo
9300111531142863;endo
9300111531142864;endo
9300111531142865;endo
9300111531142866;endo
9300111531142867;endo
9300111531142868;endo
9300111531142869;endo
9300111531142870;endo
9300111531158083;endo
9300111531181661;endo
9300141513187517;endo
065722024014709930000052;policy
065722024010713810000006;policy
065722024012113910000001;policy
065722024005309930000034;policy
065722024005309930000034;policy
065722024005309930000034;policy
065722024005309930000034;policy
065722024005309930000034;policy
065722024005309930000034;policy
065722024005309930000034;policy
065722024005309930000034;policy
065722024005309930000034;policy
065722024005309930000034;policy
065722024005309930000034;policy
065722024005309930000034;policy
065722024003813910000065;policy
065722024003813910000065;policy
065722024003813910000065;policy
065722024003813910000065;policy
065722024003813910000065;policy
065722024003813910000065;policy
065722024003813910000065;policy
065722024003813910000065;policy
065722024003813910000065;policy
065722024003813910000065;policy
065722024003813910000065;policy
065722024003813910000065;policy
065722024004513910000117;policy
065722024011409930000233;policy
065722024011409930000233;policy
065722024011409930000233;policy
065722024011409930000233;policy
065722024011409930000233;policy
065722024011409930000233;policy
065722024011409930000233;policy
065722024011409930000233;policy
065722024011409930000233;policy
065722024011409930000233;policy
065722024011409930000233;policy
065722024011409930000233;policy
065722024013513910000313;policy
065722024013513910000313;policy
065722024013513910000313;policy
065722024013513910000313;policy
065722024013513910000313;policy
065722024013513910000313;policy
065722024013513910000313;policy
065722024013513910000313;policy
065722024013513910000313;policy
065722024013513910000313;policy
065722024013513910000313;policy
065722024013513910000313;policy
065722024005709930000082;policy
065722024002009930000278;policy
065722024002009930000278;policy
065722024002009930000278;policy
065722024002009930000278;policy
065722024002009930000278;policy
065722024002009930000278;policy
065722024002009930000278;policy
065722024002009930000278;policy
065722024002009930000278;policy
065722024002009930000278;policy
065722024002009930000278;policy
065722024002009930000278;policy
065722024010709930000569;policy
065722024002913910000161;policy
065722024002913910000164;policy
065722024004513910000170;policy
065722024004513910000170;policy
065722024004513910000170;policy
065722024004513910000170;policy
065722024004513910000170;policy
065722024004513910000170;policy
065722024004513910000170;policy
065722024004513910000170;policy
065722024004513910000170;policy
065722024004513910000170;policy
065722024004513910000170;policy
065722024004513910000170;policy
065722024000713910000127;policy
065722024000713910000127;policy
065722024000713910000127;policy
065722024000713910000127;policy
065722024000713910000127;policy
065722024000713910000127;policy
065722024000713910000127;policy
065722024000713910000127;policy
065722024000713910000127;policy
065722024000713910000127;policy
065722024000713910000127;policy
065722024000713910000127;policy
065722024002913910000181;policy
065722024014709930000363;policy
065722024005709930000155;policy
065722024005709930000153;policy
065722025013609930000003;policy
065722025013609930000003;policy
065722025013609930000003;policy
065722025013609930000003;policy
065722025014109930000009;policy
065722025014109930000009;policy
9300148887;policy
9300148887;policy
9300144285;policy
9300151593;policy
9300150398;policy
9300150282;policy
9300151393;policy
9300150647;policy
9300150647;policy
9300150647;policy
9300153011;policy
9300149633;policy
9300149633;policy
9300149552;policy
9300149626;policy
9300154616;policy
9300154616;policy
9300154984;policy
9300154984;policy
9300154984;policy
9300154984;policy
9300154984;policy
9300154984;policy
9300154984;policy
9300154984;policy
9300154984;policy
9300151394;policy
9300151394;policy
9300151394;policy
9300151394;policy
065722024014409930000021;policy
065722024014409930000021;policy
065722024014409930000021;policy
065722024014409930000021;policy
065722024014409930000021;policy
065722024014409930000021;policy
065722024014409930000021;policy
065722024014409930000021;policy
065722024014409930000021;policy
065722024014409930000021;policy
065722024014409930000021;policy
065722024014409930000021;policy
065722024013513810000006;policy
065722024013509930000075;policy
065722024011313910000012;policy
065722024011313910000012;policy
065722024011313910000012;policy
065722024011313910000012;policy
065722024006209930000022;policy
065722024006209930000022;policy
065722024006209930000022;policy
065722024006209930000022;policy
065722024006209930000022;policy
065722024006209930000022;policy
065722024006209930000022;policy
065722024006209930000022;policy
065722024006209930000022;policy
065722024006209930000022;policy
065722024006209930000022;policy
065722024006209930000022;policy
065722024005413910000010;policy
065722024001809930000112;policy
065722024001809930000112;policy
065722024001809930000112;policy
065722024001809930000112;policy
065722024002509930000103;policy
065722024002509930000103;policy
065722024002509930000103;policy
065722024002509930000103;policy
065722024002509930000103;policy
065722024002509930000103;policy
065722024002509930000103;policy
065722024002509930000103;policy
065722024002509930000103;policy
065722024002509930000103;policy
065722024002109930000189;policy
065722024002109930000189;policy
065722024002109930000189;policy
065722024002109930000189;policy
065722024002109930000189;policy
065722024002109930000189;policy
065722024002109930000189;policy
065722024002109930000189;policy
065722024002109930000189;policy
065722024002109930000189;policy
065722024002109930000189;policy
065722024002109930000189;policy
065722024002409930000466;policy
065722024002409930000466;policy
065722024002409930000466;policy
065722024002409930000466;policy
065722024002409930000466;policy
065722024002409930000466;policy
065722024014409930000167;policy
065722024000809930000273;policy
065722024000809930000273;policy
065722024000809930000273;policy
065722024000809930000273;policy
065722024000809930000273;policy
065722024000809930000273;policy
065722024000809930000273;policy
065722024000809930000273;policy
065722024000809930000273;policy
065722024000809930000273;policy
065722024000809930000273;policy
065722024000809930000273;policy
065722024005709930000108;policy
065722024005709930000108;policy
065722024005709930000108;policy
065722024005709930000108;policy
065722024005709930000108;policy
065722024005709930000108;policy
065722024005709930000108;policy
065722024005709930000108;policy
065722024005709930000108;policy
065722024005709930000108;policy
065722024005709930000108;policy
065722024005709930000108;policy
065722024012409930000005;policy
065722024012409930000005;policy
065722024012409930000005;policy
065722024012409930000005;policy
065722024012409930000005;policy
065722024012409930000005;policy
065722024012409930000005;policy
065722024012409930000005;policy
065722024012409930000005;policy
065722024012409930000005;policy
065722024012409930000005;policy
065722024012409930000005;policy
065722024002509930000376;policy
065722024002509930000376;policy
065722024002509930000376;policy
065722024002509930000376;policy
065722024002509930000376;policy
065722024002509930000376;policy
065722024002509930000376;policy
065722024002509930000376;policy
065722024002509930000376;policy
065722024002509930000376;policy
065722024002509930000376;policy
065722024002509930000376;policy
065722024002409930000399;policy
065722024002409930000399;policy
065722024002409930000399;policy
065722024002409930000399;policy
065722024002409930000399;policy
065722024002409930000399;policy
065722024002409930000399;policy
065722024002409930000399;policy
065722024002409930000399;policy
065722024002409930000399;policy
065722024002409930000399;policy
065722024002409930000399;policy
065722024005609930000185;policy
065722024005609930000185;policy
065722024005609930000185;policy
065722024005609930000185;policy
065722024005609930000185;policy
065722024005609930000185;policy
065722024005609930000185;policy
065722024005609930000185;policy
065722024005609930000185;policy
065722024005609930000185;policy
065722024005609930000185;policy
065722024005609930000185;policy
065722024013509930000847;policy
065722024013509930000847;policy
065722024013509930000847;policy
065722024013509930000847;policy
065722024013509930000847;policy
065722024013509930000847;policy
065722024013509930000847;policy
065722024013509930000847;policy
065722024013509930000847;policy
065722024013509930000847;policy
065722024013509930000847;policy
065722024013509930000847;policy
065722024005709930000154;policy
065722025013609930000007;policy
065722025013609930000007;policy
065722025013609930000007;policy
065722025013609930000007;policy
065722025013609930000007;policy
065722025013609930000007;policy
065722025001813910000011;policy
065722025001813910000011;policy
065722025001813910000011;policy
065722025001813910000011;policy
065722025001813910000011;policy
065722025001813910000011;policy
9300148887;policy
9300148887;policy
9300144285;policy
9300150398;policy
9300150282;policy
9300151868;policy
9300151868;policy
9300152428;policy
9300152431;policy
9300152434;policy
9300153482;policy
9300149633;policy
9300149633;policy
9300149626;policy
9300154984;policy
9300154984;policy
9300154984;policy
9300154984;policy
9300154984;policy
9300154689;policy
9300151394;policy
9300151394;policy
9300151394;policy
9300151394;policy
9300151394;policy
9300151394;policy
9300151394;policy
9300154224;policy
9300151265;policy
9300152567;policy
9300153672;policy
9300153672;policy
9300153672;policy
9300154238;policy
9300154238;policy
9300154687;policy
9300150663;policy
9300151840;policy
9300152772;policy
065722024004509930000066;policy
065722024004509930000066;policy
065722024004509930000066;policy
065722024004509930000066;policy
065722024004509930000066;policy
065722024004509930000066;policy
065722024004509930000066;policy
065722024004509930000066;policy
065722024004509930000066;policy
065722024004509930000066;policy
065722024004509930000066;policy
065722024006309930000012;policy
065722024014509930000038;policy
065722024014509930000038;policy
065722024010713910000047;policy
065722024014513810000010;policy
065722024013509930000119;policy
065722024002409930000028;policy
065722024011713910000001;policy
065722024006213910000078;policy
065722024001909930000097;policy
065722024001909930000097;policy
065722024001909930000097;policy
065722024001909930000097;policy
065722024001909930000097;policy
065722024001909930000097;policy
065722024001909930000097;policy
065722024001909930000097;policy
065722024001909930000097;policy
065722024001909930000097;policy
065722024001909930000097;policy
065722024002113810000016;policy
065722024002113810000042;policy
065722024002909930000116;policy
065722024002909930000116;policy
065722024002909930000116;policy
065722024002909930000116;policy
065722024002909930000116;policy
065722024002909930000116;policy
065722024002909930000116;policy
065722024002909930000116;policy
065722024002909930000116;policy
065722024002909930000116;policy
065722024002909930000116;policy
065722024001909930000222;policy
065722024001909930000222;policy
065722024001909930000222;policy
065722024001909930000222;policy
065722024001909930000222;policy
065722024001013810000015;policy
065722024010713810000078;policy
065722024010713810000078;policy
065722024010713810000078;policy
065722024010713810000078;policy
065722024014709930000510;policy
065722024014709930000510;policy
065722024005809930000397;policy
065722024005809930000397;policy
065722024005809930000397;policy
065722024005809930000397;policy
065722024005809930000397;policy
9300151394;policy
9300151394;policy
9300151394;policy
9300154224;policy
9300151265;policy
9300152708;policy
9300152567;policy
9300153672;policy
9300154687;policy
7700000525;policy
9300150663;policy
9300151518;policy
9300151840;policy
9300151840;policy
9300152772;policy
065722024004913810000021;policy
065722024004913810000026;policy
065722024004913810000016;policy
065722024004913810000025;policy
065722024004913810000042;policy
065722024005413910000025;policy
065722024006209930000076;policy
065722024006209930000076;policy
065722024006209930000076;policy
065722024006209930000076;policy
065722024006209930000076;policy
065722024006209930000076;policy
065722024001013910000048;policy
065722024002913910000009;policy
065722024013513910000005;policy
065722024013513910000007;policy
065722024013513910000007;policy
065722024013513910000007;policy
065722024013513910000007;policy
065722024013513910000007;policy
065722024013513910000007;policy
065722024013513910000007;policy
065722024013513910000007;policy
065722024013513910000007;policy
065722024013513910000007;policy
065722024013513910000007;policy
065722024013513910000007;policy
065722024005413910000007;policy
065722024014409930000123;policy
065722024005809930000133;policy
065722024005809930000133;policy
065722024005809930000133;policy
065722024005809930000133;policy
065722024005809930000133;policy
065722024005809930000133;policy
065722024011309930000275;policy
065722024011309930000275;policy
065722024011309930000275;policy
065722024011309930000275;policy
065722024011309930000275;policy
065722024011309930000275;policy
065722024011309930000275;policy
065722024011309930000275;policy
065722024011309930000275;policy
065722024011309930000275;policy
065722024011309930000275;policy
065722024011309930000275;policy
065722024014709930000238;policy
065722024014709930000238;policy
065722024014313810000008;policy
065722024014313810000008;policy
065722024014313810000008;policy
065722024014313810000008;policy
065722024014313810000008;policy
065722024014313810000008;policy
065722024014209930000148;policy
065722024014209930000148;policy
065722024014209930000148;policy
065722024014209930000148;policy
065722024014209930000148;policy
065722024014209930000148;policy
065722024014209930000148;policy
065722024014209930000148;policy
065722024014209930000148;policy
065722024014209930000148;policy
065722024014209930000148;policy
065722024014209930000148;policy
065722024005709930000074;policy
065722024005709930000074;policy
065722024005709930000074;policy
065722024005709930000074;policy
065722024005709930000074;policy
065722024005709930000074;policy
065722024005709930000074;policy
065722024005709930000074;policy
065722024005709930000074;policy
065722024005709930000074;policy
065722024005709930000074;policy
065722024005709930000072;policy
065722024005709930000072;policy
065722024005709930000072;policy
065722024005709930000072;policy
065722024005709930000072;policy
065722024005709930000072;policy
065722024005709930000072;policy
065722024005709930000072;policy
065722024005709930000072;policy
065722024005709930000072;policy
065722024005709930000072;policy
065722024013513910000295;policy
065722024013513910000295;policy
065722024013513910000295;policy
065722024013513910000295;policy
065722024013513910000295;policy
065722024013513910000295;policy
065722024013513910000295;policy
065722024013513910000295;policy
065722024013513910000295;policy
065722024013513910000295;policy
065722024013513910000295;policy
065722024013513910000295;policy
065722024001909930000130;policy
065722024001909930000130;policy
065722024001909930000130;policy
065722024001909930000130;policy
065722024013609930000229;policy
065722024013609930000229;policy
065722024013609930000229;policy
065722024013609930000229;policy
065722024013609930000229;policy
065722024013609930000229;policy
065722024013609930000229;policy
065722024013609930000229;policy
065722024013609930000229;policy
065722024005809930000397;policy
065722024005809930000397;policy
065722024005809930000397;policy
065722024005809930000397;policy
065722024005809930000397;policy
065722024005809930000397;policy
065722024005809930000397;policy
065722025005909930000059;policy
065722025005909930000059;policy
065722025005909930000059;policy
065722025005909930000059;policy
065722025005909930000059;policy
065722025005909930000059;policy
9300150716;policy
9300150466;policy
065722024013609930000229;policy
065722024011409930000269;policy
065722024010709930000529;policy
065722024010709930000529;policy
065722024010709930000529;policy
065722024010709930000529;policy
065722024010709930000529;policy
065722024010709930000529;policy
065722024010709930000529;policy
065722024010709930000529;policy
065722024010709930000529;policy
065722024010709930000529;policy
065722024010709930000529;policy
065722024010709930000529;policy
065722024005909930000203;policy
065722024005909930000203;policy
065722024005909930000203;policy
065722024005909930000203;policy
065722024005909930000203;policy
065722024005909930000203;policy
065722024005909930000203;policy
065722024005909930000203;policy
065722024005909930000203;policy
065722024005909930000203;policy
065722024005909930000203;policy
065722024005909930000203;policy
065722024003909930000054;policy
065722024003909930000054;policy
065722024003909930000054;policy
065722024003909930000054;policy
065722024003909930000054;policy
065722024003909930000054;policy
065722024003909930000054;policy
065722024003909930000054;policy
065722024003909930000054;policy
065722024003909930000054;policy
065722024003909930000054;policy
065722024003909930000054;policy
065722024003909930000053;policy
065722024003909930000053;policy
065722024003909930000053;policy
065722024003909930000053;policy
065722024003909930000053;policy
065722024003909930000053;policy
065722024003909930000053;policy
065722024003909930000053;policy
065722024003909930000053;policy
065722024003909930000053;policy
065722024003909930000053;policy
065722024003909930000053;policy
065722024011409930000314;policy
065722024011409930000314;policy
065722024011409930000314;policy
065722024011409930000314;policy
065722024011409930000314;policy
065722024011409930000314;policy
065722024011409930000314;policy
065722024011409930000314;policy
065722024011409930000314;policy
065722024011409930000314;policy
065722024011409930000314;policy
065722025014209930000065;policy
065722025014209930000065;policy
065722025014209930000065;policy
9300147055;policy
9300147055;policy
9300150715;policy
9300150714;policy
9300150717;policy
9300150466;policy