apolice;endosso;parcela;cancelamento;cancelar
065722024014109930000037;000003;1;000004;065722024014109930000037000003
065722024014709930000042;000002;1;000003;065722024014709930000042000002
065722024012209930000007;000001;1;000010;065722024012209930000007000001
065722024012209930000007;000002;1;000009;065722024012209930000007000002
065722024012209930000007;000003;1;000008;065722024012209930000007000003
065722024012209930000007;000004;1;000007;065722024012209930000007000004
065722024012209930000007;000005;1;000006;065722024012209930000007000005
065722024005209930000035;000010;1;000013;065722024005209930000035000010
065722024013709930000034;000003;1;000004;065722024013709930000034000003
065722024002009820000007;000006;1;000007;065722024002009820000007000006
065722024012109930000011;000002;1;000003;065722024012109930000011000002
065722024001909930000137;000003;1;000004;065722024001909930000137000003
065722024002109930000186;000004;1;000007;065722024002109930000186000004
065722024013509930000865;000001;1;000002;065722024013509930000865000001
065722024002009930000326;000001;1;000002;065722024002009930000326000001
065722024001909930000181;000002;1;000003;065722024001909930000181000002
065722024005709930000085;000001;1;000002;065722024005709930000085000001
9300132957;140286;1;462751;9300132957140286
9300147095;199204;1;469279;9300147095199204
9300152304;111927;1;473013;9300152304111927
9300153672;148068;1;473932;9300153672148068
7700000473;107328;1;401112;7700000473107328
9300136024;154078;1;464788;9300136024154078
9300136024;158752;1;464779;9300136024158752
9300136024;160706;1;464790;9300136024160706
9300136024;192364;1;469291;9300136024192364
9300136024;100698;1;469290;9300136024100698
9300144984;175139;1;474765;9300144984175139
7700000515;108258;1;401174;7700000515108258
9300063064;123401;1;432391;9300063064123401
9300123585;117372;1;461003;9300123585117372
9300094395;166056;1;447826;9300094395166056
9300111531;117248;1;462965;9300111531117248
9300111531;126189;1;462966;9300111531126189
065722024004909930000002;000001;1;000002;065722024004909930000002000001
065722024013509930000004;000005;1;000006;065722024013509930000004000005
065722024013609930000002;000004;1;000005;065722024013609930000002000004
065722024013509820000003;000004;1;000005;065722024013509820000003000004
065722024002409930000117;000003;1;000004;065722024002409930000117000003
065722024001009930000033;000002;1;000003;065722024001009930000033000002
065722024001009930000033;000009;1;000010;065722024001009930000033000009
065722024001009930000029;000004;1;000005;065722024001009930000029000004
065722024001009930000029;000008;1;000009;065722024001009930000029000008
065722024001009930000029;000011;1;000012;065722024001009930000029000011
065722024001009930000029;000013;1;000014;065722024001009930000029000013
065722024002709930000033;000006;1;000007;065722024002709930000033000006
065722024006209930000050;000004;1;000005;065722024006209930000050000004
065722024011409930000054;000001;1;000002;065722024011409930000054000001
065722024004609930000054;000003;1;000005;065722024004609930000054000003
065722024004609930000054;000040;1;000041;065722024004609930000054000040
065722024004609930000054;000042;1;000043;065722024004609930000054000042
065722024014609930000011;000001;1;000002;065722024014609930000011000001
065722024004909930000345;000014;1;000015;065722024004909930000345000014
065722024014209820000003;000001;1;000002;065722024014209820000003000001
065722024004909930000099;000005;1;000013;065722024004909930000099000005
065722024004909930000099;000007;1;000010;065722024004909930000099000007
065722024004909930000099;000008;1;000009;065722024004909930000099000008
065722024013509930000127;000002;1;000003;065722024013509930000127000002
065722024004109930000036;000001;1;000002;065722024004109930000036000001
065722024010909930000103;000005;1;000006;065722024010909930000103000005
065722024010809930000001;000002;1;000003;065722024010809930000001000002
065722024010809930000001;000017;1;000019;065722024010809930000001000017
065722024010809930000001;000018;1;000020;065722024010809930000001000018
065722024013609930000076;000001;1;000002;065722024013609930000076000001
065722024003509930000059;000001;1;000002;065722024003509930000059000001
065722024003509930000059;000007;1;000008;065722024003509930000059000007
065722024003509930000059;000009;1;000010;065722024003509930000059000009
065722024003509930000059;000011;1;000012;065722024003509930000059000011
065722024003509930000059;000013;1;000014;065722024003509930000059000013
065722024003509930000059;000015;1;000016;065722024003509930000059000015
065722024003509930000059;000017;1;000018;065722024003509930000059000017
065722024003509930000059;000021;1;000022;065722024003509930000059000021
065722024002409930000077;000003;1;000004;065722024002409930000077000003
065722024001009820000007;000004;1;000005;065722024001009820000007000004
065722024000809930000049;000002;1;000003;065722024000809930000049000002
065722024000809930000049;000012;1;000013;065722024000809930000049000012
065722024014109930000037;000001;1;000002;065722024014109930000037000001
065722024014009930000035;000002;1;000003;065722024014009930000035000002
065722024014009930000035;000005;1;000006;065722024014009930000035000005
065722024002009930000037;000001;1;000002;065722024002009930000037000001
065722024000709930000074;000009;1;000010;065722024000709930000074000009
065722024001909930000033;000005;1;000006;065722024001909930000033000005
065722024001909930000033;000008;1;000009;065722024001909930000033000008
065722024003509930000087;000007;1;000008;065722024003509930000087000007
065722024003509930000087;000011;1;000012;065722024003509930000087000011
065722024004909930000139;000002;1;000003;065722024004909930000139000002
065722024004909930000139;000005;1;000007;065722024004909930000139000005
065722024004909930000139;000013;1;000014;065722024004909930000139000013
065722024004909930000139;000016;1;000017;065722024004909930000139000016
065722024004909930000139;000020;1;000021;065722024004909930000139000020
065722024004909930000139;000023;1;000024;065722024004909930000139000023
065722024000709930000071;000047;1;000048;065722024000709930000071000047
065722024000709930000071;000076;1;000078;065722024000709930000071000076
065722024000709930000071;000094;1;000096;065722024000709930000071000094
065722024004509930000101;000001;1;000005;065722024004509930000101000001
065722024004509930000101;000003;1;000004;065722024004509930000101000003
065722024000709930000111;000006;1;000007;065722024000709930000111000006
065722024004509930000052;000012;1;000013;065722024004509930000052000012
065722024001909930000060;000002;1;000003;065722024001909930000060000002
065722024006809930000045;000002;1;000003;065722024006809930000045000002
065722024001809930000042;000008;1;000009;065722024001809930000042000008
065722024000109930000070;000001;1;000004;065722024000109930000070000001
065722024000109930000070;000002;1;000003;065722024000109930000070000002
065722024005509930000012;000004;1;000005;065722024005509930000012000004
065722024005509930000012;000007;1;000008;065722024005509930000012000007
065722024013809930000043;000007;1;000008;065722024013809930000043000007
065722024006809930000015;000004;1;000005;065722024006809930000015000004
065722024006809930000015;000007;1;000008;065722024006809930000015000007
065722024006809930000015;000010;1;000011;065722024006809930000015000010
065722024014509930000045;000002;1;000003;065722024014509930000045000002
065722024014509930000045;000009;1;000010;065722024014509930000045000009
065722024004109930000066;000004;1;000005;065722024004109930000066000004
065722024004109930000066;000006;1;000007;065722024004109930000066000006
065722024013509930000152;000002;1;000005;065722024013509930000152000002
065722024013509930000152;000003;1;000004;065722024013509930000152000003
065722024013509930000152;000009;1;000012;065722024013509930000152000009
065722024013509930000152;000010;1;000011;065722024013509930000152000010
065722024013509930000152;000014;1;000015;065722024013509930000152000014
065722024014209930000070;000003;1;000008;065722024014209930000070000003
065722024014209930000070;000004;1;000007;065722024014209930000070000004
065722024014209930000070;000005;1;000006;065722024014209930000070000005
065722024014509930000072;000001;1;000002;065722024014509930000072000001
065722024005409930000013;000004;1;000005;065722024005409930000013000004
065722024010909930000114;000002;1;000003;065722024010909930000114000002
065722024010909930000114;000010;1;000011;065722024010909930000114000010
065722024000709930000155;000001;1;000010;065722024000709930000155000001
065722024000709930000155;000002;1;000009;065722024000709930000155000002
065722024000709930000155;000003;1;000006;065722024000709930000155000003
065722024000709930000155;000004;1;000005;065722024000709930000155000004
065722024000709930000155;000007;1;000008;065722024000709930000155000007
065722024000709930000155;000012;1;000017;065722024000709930000155000012
065722024000709930000155;000013;1;000016;065722024000709930000155000013
065722024000709930000155;000014;1;000015;065722024000709930000155000014
065722024004609930000082;000001;1;000004;065722024004609930000082000001
065722024004609930000082;000002;1;000003;065722024004609930000082000002
065722024001009820000009;000004;1;000005;065722024001009820000009000004
065722024013509930000264;000005;1;000008;065722024013509930000264000005
065722024013509930000264;000006;1;000007;065722024013509930000264000006
065722024014609930000042;000006;1;000007;065722024014609930000042000006
065722024000709930000115;000002;1;000003;065722024000709930000115000002
065722024014409930000080;000001;1;000002;065722024014409930000080000001
065722024013609820000005;000008;1;000010;065722024013609820000005000008
065722024013609820000005;000015;1;000018;065722024013609820000005000015
065722024013609820000005;000016;1;000019;065722024013609820000005000016
065722024013609820000005;000017;1;000024;065722024013609820000005000017
065722024013609820000005;000020;1;000021;065722024013609820000005000020
065722024014709930000074;000003;1;000004;065722024014709930000074000003
065722024014709930000074;000006;1;000007;065722024014709930000074000006
065722024002009930000138;000008;1;000009;065722024002009930000138000008
065722024002409930000115;000001;1;000002;065722024002409930000115000001
065722024005509930000030;000005;1;000006;065722024005509930000030000005
065722024002509930000049;000001;1;000002;065722024002509930000049000001
065722024011409930000078;000001;1;000002;065722024011409930000078000001
065722024011409930000078;000003;1;000004;065722024011409930000078000003
065722024011409930000078;000006;1;000007;065722024011409930000078000006
065722024003509930000005;000001;1;000002;065722024003509930000005000001
065722024011409930000031;000001;1;000002;065722024011409930000031000001
065722024004609930000071;000001;1;000002;065722024004609930000071000001
065722024011709930000001;000005;1;000006;065722024011709930000001000005
065722024011709930000001;000008;1;000009;065722024011709930000001000008
065722024011709930000001;000011;1;000012;065722024011709930000001000011
065722024011709930000001;000015;1;000018;065722024011709930000001000015
065722024011709930000001;000016;1;000017;065722024011709930000001000016
065722024011909930000002;000054;1;000871;065722024011909930000002000054
065722024011909930000002;000059;1;000683;065722024011909930000002000059
065722024011909930000002;000063;1;000707;065722024011909930000002000063
065722024011909930000002;000066;1;000706;065722024011909930000002000066
065722024011909930000002;000068;1;000705;065722024011909930000002000068
065722024011909930000002;000076;1;000704;065722024011909930000002000076
065722024011909930000002;000078;1;000703;065722024011909930000002000078
065722024011909930000002;000080;1;000702;065722024011909930000002000080
065722024011909930000002;000086;1;000701;065722024011909930000002000086
065722024011909930000002;000091;1;000700;065722024011909930000002000091
065722024011909930000002;000099;1;000699;065722024011909930000002000099
065722024011909930000002;000106;1;000698;065722024011909930000002000106
065722024011909930000002;000114;1;000170;065722024011909930000002000114
065722024011909930000002;000117;1;000682;065722024011909930000002000117
065722024011909930000002;000120;1;000681;065722024011909930000002000120
065722024011909930000002;000122;1;000680;065722024011909930000002000122
065722024011909930000002;000124;1;000744;065722024011909930000002000124
065722024011909930000002;000125;1;000679;065722024011909930000002000125
065722024011909930000002;000128;1;000743;065722024011909930000002000128
065722024011909930000002;000131;1;000742;065722024011909930000002000131
065722024011909930000002;000133;1;000678;065722024011909930000002000133
065722024011909930000002;000134;1;000741;065722024011909930000002000134
065722024011909930000002;000137;1;000740;065722024011909930000002000137
065722024011909930000002;000138;1;000168;065722024011909930000002000138
065722024011909930000002;000140;1;000739;065722024011909930000002000140
065722024011909930000002;000142;1;000677;065722024011909930000002000142
065722024011909930000002;000143;1;000738;065722024011909930000002000143
065722024011909930000002;000147;1;000737;065722024011909930000002000147
065722024011909930000002;000148;1;000676;065722024011909930000002000148
065722024011909930000002;000153;1;000675;065722024011909930000002000153
065722024011909930000002;000154;1;000736;065722024011909930000002000154
065722024011909930000002;000157;1;000674;065722024011909930000002000157
065722024011909930000002;000158;1;000735;065722024011909930000002000158
065722024011909930000002;000160;1;000734;065722024011909930000002000160
065722024011909930000002;000162;1;000673;065722024011909930000002000162
065722024011909930000002;000163;1;000733;065722024011909930000002000163
065722024011909930000002;000165;1;000672;065722024011909930000002000165
065722024011909930000002;000174;1;000697;065722024011909930000002000174
065722024011909930000002;000181;1;000696;065722024011909930000002000181
065722024011909930000002;000220;1;000731;065722024011909930000002000220
065722024011909930000002;000224;1;000730;065722024011909930000002000224
065722024011909930000002;000240;1;000260;065722024011909930000002000240
065722024011909930000002;000245;1;000255;065722024011909930000002000245
065722024011909930000002;000250;1;000729;065722024011909930000002000250
065722024011909930000002;000261;1;000728;065722024011909930000002000261
065722024011909930000002;000275;1;000727;065722024011909930000002000275
065722024011909930000002;000282;1;000786;065722024011909930000002000282
065722024011909930000002;000285;1;000785;065722024011909930000002000285
065722024011909930000002;000286;1;000726;065722024011909930000002000286
065722024011909930000002;000293;1;000725;065722024011909930000002000293
065722024011909930000002;000296;1;000784;065722024011909930000002000296
065722024011909930000002;000299;1;000783;065722024011909930000002000299
065722024011909930000002;000301;1;000724;065722024011909930000002000301
065722024011909930000002;000304;1;000723;065722024011909930000002000304
065722024011909930000002;000306;1;000722;065722024011909930000002000306
065722024011909930000002;000307;1;000782;065722024011909930000002000307
065722024011909930000002;000311;1;000781;065722024011909930000002000311
065722024011909930000002;000315;1;000780;065722024011909930000002000315
065722024011909930000002;000313;1;000875;065722024011909930000002000313
065722024011909930000002;000320;1;000721;065722024011909930000002000320
065722024011909930000002;000330;1;000779;065722024011909930000002000330
065722024011909930000002;000321;1;000720;065722024011909930000002000321
065722024011909930000002;000335;1;000778;065722024011909930000002000335
065722024011909930000002;000338;1;000777;065722024011909930000002000338
065722024011909930000002;000345;1;000776;065722024011909930000002000345
065722024011909930000002;000349;1;000775;065722024011909930000002000349
065722024011909930000002;000370;1;000867;065722024011909930000002000370
065722024011909930000002;000373;1;000866;065722024011909930000002000373
065722024011909930000002;000379;1;000865;065722024011909930000002000379
065722024011909930000002;000383;1;000864;065722024011909930000002000383
065722024011909930000002;000386;1;000863;065722024011909930000002000386
065722024011909930000002;000388;1;000862;065722024011909930000002000388
065722024011909930000002;000391;1;000861;065722024011909930000002000391
065722024011909930000002;000392;1;000860;065722024011909930000002000392
065722024011909930000002;000395;1;000859;065722024011909930000002000395
065722024011909930000002;000398;1;000858;065722024011909930000002000398
065722024011909930000002;000464;1;000869;065722024011909930000002000464
065722024011909930000002;000550;1;000772;065722024011909930000002000550
065722024011909930000002;000551;1;000771;065722024011909930000002000551
065722024011909930000002;000554;1;000770;065722024011909930000002000554
065722024011909930000002;000559;1;000769;065722024011909930000002000559
065722024011909930000002;000561;1;000768;065722024011909930000002000561
065722024011909930000002;000566;1;000767;065722024011909930000002000566
065722024011909930000002;000569;1;000766;065722024011909930000002000569
065722024011909930000002;000572;1;000765;065722024011909930000002000572
065722024011909930000002;000575;1;000764;065722024011909930000002000575
065722024011909930000002;000581;1;000763;065722024011909930000002000581
065722024011909930000002;000592;1;000762;065722024011909930000002000592
065722024011909930000002;000596;1;000761;065722024011909930000002000596
065722024011909930000002;000606;1;000758;065722024011909930000002000606
065722024011909930000002;000623;1;000757;065722024011909930000002000623
065722024011909930000002;000629;1;000756;065722024011909930000002000629
065722024011909930000002;000630;1;000755;065722024011909930000002000630
065722024011909930000002;000631;1;000754;065722024011909930000002000631
065722024011909930000002;000632;1;000753;065722024011909930000002000632
065722024011909930000002;000633;1;000752;065722024011909930000002000633
065722024011909930000002;000634;1;000751;065722024011909930000002000634
065722024011909930000002;000635;1;000750;065722024011909930000002000635
065722024011909930000002;000636;1;000749;065722024011909930000002000636
065722024011909930000002;000637;1;000748;065722024011909930000002000637
065722024011909930000002;000638;1;000747;065722024011909930000002000638
065722024011909930000002;000695;1;000873;065722024011909930000002000695
065722024005909820000008;000006;1;000007;065722024005909820000008000006
065722024004609930000072;000005;1;000006;065722024004609930000072000005
065722024004609930000076;000008;1;000009;065722024004609930000076000008
065722024006809930000031;000004;1;000005;065722024006809930000031000004
065722024003509930000099;000001;1;000002;065722024003509930000099000001
065722024000709930000086;000003;1;000004;065722024000709930000086000003
065722024013509930000178;000003;1;000004;065722024013509930000178000003
065722024013509930000178;000010;1;000011;065722024013509930000178000010
065722024005709930000025;000006;1;000007;065722024005709930000025000006
065722024014709930000067;000001;1;000002;065722024014709930000067000001
065722024013509930000206;000002;1;000003;065722024013509930000206000002
065722024014409930000071;000002;1;000003;065722024014409930000071000002
065722024014409930000072;000002;1;000003;065722024014409930000072000002
065722024002709930000036;000001;1;000004;065722024002709930000036000001
065722024002709930000036;000002;1;000003;065722024002709930000036000002
065722024010709930000163;000001;1;000002;065722024010709930000163000001
065722024005409930000022;000003;1;000004;065722024005409930000022000003
065722024003709930000025;000001;1;000002;065722024003709930000025000001
065722024004909930000083;000006;1;000007;065722024004909930000083000006
065722024014409930000056;000004;1;000005;065722024014409930000056000004
065722024013509930000431;000007;1;000008;065722024013509930000431000007
065722024013509930000129;000002;1;000003;065722024013509930000129000002
065722024003809930000034;000001;1;000002;065722024003809930000034000001
065722024010709930000138;000001;1;000002;065722024010709930000138000001
065722024004909930000126;000001;1;000002;065722024004909930000126000001
065722024004909930000008;000001;1;000002;065722024004909930000008000001
065722024010709930000082;000004;1;000005;065722024010709930000082000004
065722024014709930000042;000004;1;000005;065722024014709930000042000004
065722024014509930000047;000001;1;000007;065722024014509930000047000001
065722024014509930000047;000003;1;000006;065722024014509930000047000003
065722024014509930000047;000004;1;000005;065722024014509930000047000004
065722024014509930000047;000008;1;000013;065722024014509930000047000008
065722024014509930000047;000009;1;000012;065722024014509930000047000009
065722024014509930000047;000010;1;000011;065722024014509930000047000010
065722024003509930000054;000008;1;000010;065722024003509930000054000008
065722024003509930000054;000036;1;000037;065722024003509930000054000036
065722024014509930000070;000001;1;000004;065722024014509930000070000001
065722024014509930000070;000002;1;000003;065722024014509930000070000002
065722024004909770000001;000001;1;000002;065722024004909770000001000001
065722024004909930000009;000001;1;000002;065722024004909930000009000001
065722024010909930000062;000001;1;000002;065722024010909930000062000001
065722024004609930000001;000001;1;000002;065722024004609930000001000001
065722024000709930000159;000049;1;000066;065722024000709930000159000049
065722024000709930000159;000052;1;000068;065722024000709930000159000052
065722024000709930000159;000057;1;000070;065722024000709930000159000057
065722024000709930000159;000058;1;000072;065722024000709930000159000058
065722024000709930000159;000059;1;000074;065722024000709930000159000059
065722024000709930000159;000091;1;000093;065722024000709930000159000091
065722024000709930000159;000129;1;000150;065722024000709930000159000129
065722024000709930000159;000145;1;000152;065722024000709930000159000145
065722024000709930000159;000147;1;000154;065722024000709930000159000147
065722024000709930000013;000002;1;000003;065722024000709930000013000002
065722024014609930000001;000005;1;000006;065722024014609930000001000005
065722024014609930000003;000003;1;000004;065722024014609930000003000003
065722024002409930000049;000001;1;000002;065722024002409930000049000001
065722024004909930000010;000003;1;000004;065722024004909930000010000003
065722024006209930000002;000001;1;000002;065722024006209930000002000001
065722024011309930000001;000002;1;000003;065722024011309930000001000002
065722024010909930000196;000001;1;000006;065722024010909930000196000001
065722024010909930000196;000002;1;000005;065722024010909930000196000002
065722024010909930000196;000003;1;000004;065722024010909930000196000003
065722024010909930000196;000007;1;000008;065722024010909930000196000007
065722024002009930000003;000001;1;000002;065722024002009930000003000001
065722024002009930000003;000003;1;000004;065722024002009930000003000003
065722024004909930000037;000002;1;000003;065722024004909930000037000002
065722024004909930000037;000011;1;000012;065722024004909930000037000011
065722024006309930000001;000001;1;000002;065722024006309930000001000001
065722024014009930000001;000001;1;000002;065722024014009930000001000001
065722024011309930000007;000006;1;000008;065722024011309930000007000006
065722024011309930000007;000009;1;000012;065722024011309930000007000009
065722024011309930000007;000010;1;000011;065722024011309930000007000010
065722024002409930000035;000007;1;000008;065722024002409930000035000007
065722024000709930000023;000005;1;000006;065722024000709930000023000005
065722024004609930000008;000009;1;000010;065722024004609930000008000009
065722024012309930000001;000001;1;000002;065722024012309930000001000001
065722024012309930000001;000003;1;000006;065722024012309930000001000003
065722024012309930000001;000004;1;000005;065722024012309930000001000004
065722024012309930000001;000007;1;000010;065722024012309930000001000007
065722024012309930000001;000008;1;000009;065722024012309930000001000008
065722024005609930000001;000002;1;000005;065722024005609930000001000002
065722024005609930000001;000003;1;000004;065722024005609930000001000003
065722024004909930000029;000008;1;000009;065722024004909930000029000008
065722024004909930000029;000010;1;000012;065722024004909930000029000010
065722024014009820000001;000002;1;000003;065722024014009820000001000002
065722024014009820000001;000006;1;000007;065722024014009820000001000006
065722024013509930000151;000006;1;000007;065722024013509930000151000006
065722024013509930000151;000011;1;000012;065722024013509930000151000011
065722024013509930000433;000023;1;000034;065722024013509930000433000023
065722024013509930000433;000069;1;000086;065722024013509930000433000069
065722024013509930000267;000003;1;000006;065722024013509930000267000003
065722024013509930000267;000004;1;000005;065722024013509930000267000004
065722024001509930000053;000002;1;000003;065722024001509930000053000002
065722024001509930000053;000006;1;000007;065722024001509930000053000006
065722024010909930000148;000006;1;000007;065722024010909930000148000006
065722024010909930000148;000009;1;000010;065722024010909930000148000009
065722024006809930000065;000001;1;000002;065722024006809930000065000001
065722024010909930000149;000003;1;000004;065722024010909930000149000003
065722024003509820000008;000045;1;000058;065722024003509820000008000045
065722024003509820000008;000055;1;000057;065722024003509820000008000055
065722024002109930000083;000001;1;000002;065722024002109930000083000001
065722024002109930000083;000003;1;000004;065722024002109930000083000003
065722024002109930000083;000012;1;000013;065722024002109930000083000012
065722024002109930000083;000014;1;000015;065722024002109930000083000014
065722024011309930000142;000001;1;000002;065722024011309930000142000001
065722024011309930000142;000009;1;000010;065722024011309930000142000009
065722024004609930000087;000008;1;000009;065722024004609930000087000008
065722024004609930000087;000011;1;000012;065722024004609930000087000011
065722024011409930000082;000003;1;000005;065722024011409930000082000003
065722024011409930000082;000004;1;000007;065722024011409930000082000004
065722024011409930000082;000011;1;000013;065722024011409930000082000011
065722024006009930000022;000004;1;000005;065722024006009930000022000004
065722024003509930000108;000007;1;000008;065722024003509930000108000007
065722024005409820000001;000003;1;000004;065722024005409820000001000003
065722024011309930000139;000003;1;000006;065722024011309930000139000003
065722024011309930000139;000004;1;000005;065722024011309930000139000004
065722024013509930000057;000007;1;000008;065722024013509930000057000007
065722024013609930000017;000004;1;000005;065722024013609930000017000004
065722024004909930000067;000008;1;000009;065722024004909930000067000008
065722024013509930000052;000005;1;000006;065722024013509930000052000005
065722024013509930000052;000008;1;000009;065722024013509930000052000008
065722024012209930000002;000006;1;000007;065722024012209930000002000006
065722024013709930000005;000004;1;000005;065722024013709930000005000004
065722024013709930000005;000008;1;000009;065722024013709930000005000008
065722024013709930000005;000011;1;000012;065722024013709930000005000011
065722024004109930000017;000001;1;000002;065722024004109930000017000001
065722024003709930000010;000001;1;000002;065722024003709930000010000001
065722024013509930000078;000005;1;000006;065722024013509930000078000005
065722024014309930000005;000002;1;000003;065722024014309930000005000002
065722024014309930000005;000010;1;000017;065722024014309930000005000010
065722024014309930000005;000011;1;000012;065722024014309930000005000011
065722024014309930000005;000013;1;000014;065722024014309930000005000013
065722024014309930000005;000015;1;000016;065722024014309930000005000015
065722024006009930000004;000001;1;000002;065722024006009930000004000001
065722024006009930000004;000003;1;000004;065722024006009930000004000003
065722024001909930000012;000003;1;000004;065722024001909930000012000003
065722024014009930000002;000001;1;000004;065722024014009930000002000001
065722024014009930000002;000002;1;000003;065722024014009930000002000002
065722024014009930000007;000001;1;000002;065722024014009930000007000001
065722024000809930000012;000001;1;000002;065722024000809930000012000001
065722024014409930000001;000008;1;000009;065722024014409930000001000008
065722024014509930000003;000002;1;000003;065722024014509930000003000002
065722024014509930000003;000004;1;000005;065722024014509930000003000004
065722024014509930000002;000002;1;000003;065722024014509930000002000002
065722024014509930000002;000004;1;000005;065722024014509930000002000004
065722024014609930000004;000005;1;000006;065722024014609930000004000005
065722024002909930000014;000007;1;000008;065722024002909930000014000007
065722024014209930000009;000008;1;000009;065722024014209930000009000008
065722024014309930000006;000008;1;000011;065722024014309930000006000008
065722024014309930000006;000009;1;000010;065722024014309930000006000009
065722024001909930000014;000001;1;000002;065722024001909930000014000001
065722024010409820000001;000007;1;000010;065722024010409820000001000007
065722024010409820000001;000008;1;000011;065722024010409820000001000008
065722024010409820000001;000009;1;000012;065722024010409820000001000009
065722024010909930000022;000002;1;000003;065722024010909930000022000002
065722024014709930000009;000002;1;000003;065722024014709930000009000002
065722024004609930000006;000002;1;000003;065722024004609930000006000002
065722024004609930000006;000004;1;000005;065722024004609930000006000004
065722024004609930000006;000010;1;000011;065722024004609930000006000010
065722024004509930000006;000001;1;000002;065722024004509930000006000001
065722024004509930000006;000008;1;000009;065722024004509930000006000008
065722024004509930000006;000010;1;000011;065722024004509930000006000010
065722024004509930000006;000014;1;000017;065722024004509930000006000014
065722024004509930000006;000015;1;000016;065722024004509930000006000015
065722024010909930000041;000003;1;000006;065722024010909930000041000003
065722024010909930000041;000004;1;000005;065722024010909930000041000004
065722024002109930000012;000005;1;000006;065722024002109930000012000005
065722024014209930000047;000010;1;000011;065722024014209930000047000010
065722024010909930000049;000004;1;000005;065722024010909930000049000004
065722024010909930000049;000003;1;000006;065722024010909930000049000003
065722024010909930000049;000016;1;000017;065722024010909930000049000016
065722024010909930000049;000015;1;000018;065722024010909930000049000015
065722024014209930000057;000015;1;000016;065722024014209930000057000015
065722024004609930000026;000002;1;000003;065722024004609930000026000002
065722024004609930000026;000009;1;000010;065722024004609930000026000009
065722024010709930000017;000005;1;000006;065722024010709930000017000005
065722024002509930000027;000002;1;000003;065722024002509930000027000002
065722024011309930000015;000002;1;000003;065722024011309930000015000002
065722024011309930000015;000004;1;000005;065722024011309930000015000004
065722024005709930000012;000002;1;000003;065722024005709930000012000002
065722024005709930000012;000005;1;000006;065722024005709930000012000005
065722024005709930000012;000007;1;000008;065722024005709930000012000007
065722024005709930000012;000012;1;000013;065722024005709930000012000012
065722024005709930000012;000015;1;000016;065722024005709930000012000015
065722024002509930000018;000002;1;000005;065722024002509930000018000002
065722024002509930000018;000003;1;000004;065722024002509930000018000003
065722024011909930000001;000002;1;000003;065722024011909930000001000002
065722024004909930000144;000001;1;000004;065722024004909930000144000001
065722024004909930000144;000002;1;000003;065722024004909930000144000002
065722024004609930000024;000003;1;000004;065722024004609930000024000003
065722024004609930000024;000006;1;000009;065722024004609930000024000006
065722024004609930000024;000007;1;000008;065722024004609930000024000007
065722024004609930000028;000001;1;000004;065722024004609930000028000001
065722024004609930000028;000002;1;000003;065722024004609930000028000002
065722024004609930000036;000001;1;000004;065722024004609930000036000001
065722024004609930000036;000002;1;000003;065722024004609930000036000002
065722024013509930000205;000006;1;000007;065722024013509930000205000006
065722024014609930000008;000002;1;000003;065722024014609930000008000002
065722024014609930000008;000014;1;000015;065722024014609930000008000014
065722024004609930000018;000007;1;000008;065722024004609930000018000007
065722024004509930000029;000001;1;000002;065722024004509930000029000001
065722024004509930000029;000009;1;000010;065722024004509930000029000009
065722024014509930000090;000001;1;000006;065722024014509930000090000001
065722024014509930000090;000002;1;000009;065722024014509930000090000002
065722024014509930000090;000004;1;000005;065722024014509930000090000004
065722024014509930000090;000003;1;000008;065722024014509930000090000003
065722024014509930000090;000014;1;000018;065722024014509930000090000014
065722024014509930000090;000015;1;000017;065722024014509930000090000015
065722024014509930000090;000022;1;000023;065722024014509930000090000022
065722024014509930000090;000024;1;000025;065722024014509930000090000024
065722024014509930000090;000027;1;000029;065722024014509930000090000027
065722024014509930000090;000028;1;000031;065722024014509930000090000028
065722024014509930000090;000033;1;000035;065722024014509930000090000033
065722024014509930000090;000034;1;000036;065722024014509930000090000034
065722024010709930000241;000014;1;000054;065722024010709930000241000014
065722024010709930000241;000016;1;000096;065722024010709930000241000016
065722024010709930000241;000033;1;000053;065722024010709930000241000033
065722024010709930000241;000035;1;000095;065722024010709930000241000035
065722024010709930000241;000169;1;000175;065722024010709930000241000169
065722024010709930000241;000184;1;000185;065722024010709930000241000184
065722024010709930000241;000186;1;000187;065722024010709930000241000186
065722024011309930000037;000001;1;000002;065722024011309930000037000001
065722024011309930000037;000004;1;000005;065722024011309930000037000004
065722024011309930000044;000001;1;000002;065722024011309930000044000001
065722024013509930000044;000002;1;000003;065722024013509930000044000002
065722024013509930000044;000007;1;000008;065722024013509930000044000007
065722024013509930000086;000001;1;000002;065722024013509930000086000001
065722024013509930000086;000004;1;000005;065722024013509930000086000004
065722024013509930000086;000008;1;000009;065722024013509930000086000008
065722024000709930000050;000001;1;000002;065722024000709930000050000001
065722024014209930000014;000001;1;000003;065722024014209930000014000001
065722024014209930000014;000002;1;000004;065722024014209930000014000002
065722024001009930000019;000001;1;000002;065722024001009930000019000001
065722024003509820000003;000001;1;000002;065722024003509820000003000001
065722024003509820000003;000006;1;000007;065722024003509820000003000006
065722024003509820000003;000015;1;000016;065722024003509820000003000015
065722024003509820000003;000017;1;000018;065722024003509820000003000017
065722024003509820000003;000020;1;000021;065722024003509820000003000020
065722024003509820000003;000023;1;000024;065722024003509820000003000023
065722024001909930000019;000006;1;000007;065722024001909930000019000006
065722024001909930000019;000014;1;000015;065722024001909930000019000014
065722024001909930000019;000027;1;000028;065722024001909930000019000027
065722024013509930000034;000001;1;000002;065722024013509930000034000001
065722024004609930000027;000001;1;000004;065722024004609930000027000001
065722024004609930000027;000002;1;000003;065722024004609930000027000002
065722024004609930000027;000007;1;000008;065722024004609930000027000007
065722024013809930000021;000001;1;000002;065722024013809930000021000001
065722024005609930000006;000002;1;000003;065722024005609930000006000002
065722024011309930000056;000001;1;000002;065722024011309930000056000001
065722024011309930000056;000003;1;000004;065722024011309930000056000003
065722024013509930000097;000003;1;000011;065722024013509930000097000003
065722024013509930000097;000004;1;000010;065722024013509930000097000004
065722024013509930000097;000007;1;000009;065722024013509930000097000007
065722024013509930000097;000012;1;000015;065722024013509930000097000012
065722024013509930000097;000013;1;000014;065722024013509930000097000013
065722024013509930000097;000027;1;000030;065722024013509930000097000027
065722024010709930000058;000001;1;000002;065722024010709930000058000001
065722024013709930000008;000005;1;000006;065722024013709930000008000005
065722024013709930000008;000010;1;000011;065722024013709930000008000010
065722024004609930000040;000001;1;000002;065722024004609930000040000001
065722024004609930000041;000001;1;000002;065722024004609930000041000001
065722024000709930000092;000001;1;000004;065722024000709930000092000001
065722024000709930000092;000002;1;000003;065722024000709930000092000002
065722024011309930000010;000001;1;000002;065722024011309930000010000001
065722024011309930000011;000001;1;000002;065722024011309930000011000001
065722024013509930000051;000003;1;000004;065722024013509930000051000003
065722024013509930000051;000008;1;000009;065722024013509930000051000008
065722024013509930000051;000015;1;000016;065722024013509930000051000015
065722024013509930000053;000006;1;000007;065722024013509930000053000006
065722024013509930000053;000010;1;000011;065722024013509930000053000010
065722024013509930000055;000001;1;000004;065722024013509930000055000001
065722024013509930000055;000002;1;000003;065722024013509930000055000002
065722024001909930000041;000002;1;000003;065722024001909930000041000002
065722024001909930000041;000006;1;000007;065722024001909930000041000006
065722024001909930000041;000008;1;000009;065722024001909930000041000008
065722024002409930000054;000001;1;000002;065722024002409930000054000001
065722024004509930000032;000003;1;000007;065722024004509930000032000003
065722024004509930000032;000004;1;000005;065722024004509930000032000004
065722024004509930000032;000008;1;000009;065722024004509930000032000008
065722024011309930000041;000002;1;000003;065722024011309930000041000002
065722024011309930000041;000010;1;000011;065722024011309930000041000010
065722024011309930000041;000012;1;000013;065722024011309930000041000012
065722024011309930000041;000014;1;000015;065722024011309930000041000014
065722024013509930000072;000006;1;000008;065722024013509930000072000006
065722024013509930000070;000006;1;000008;065722024013509930000070000006
065722024013509930000071;000006;1;000012;065722024013509930000071000006
065722024013509930000071;000009;1;000011;065722024013509930000071000009
065722024011409930000032;000046;1;000047;065722024011409930000032000046
065722024011409930000032;000077;1;000078;065722024011409930000032000077
065722024011409930000032;000084;1;000097;065722024011409930000032000084
065722024011409930000032;000146;1;000150;065722024011409930000032000146
065722024011409930000032;000170;1;000173;065722024011409930000032000170
065722024013509930000068;000005;1;000006;065722024013509930000068000005
065722024014709930000084;000007;1;000008;065722024014709930000084000007
065722024001009930000023;000010;1;000011;065722024001009930000023000010
065722024001809930000014;000002;1;000005;065722024001809930000014000002
065722024001809930000014;000003;1;000004;065722024001809930000014000003
065722024003809930000022;000002;1;000005;065722024003809930000022000002
065722024003809930000022;000003;1;000004;065722024003809930000022000003
065722024004509930000041;000005;1;000006;065722024004509930000041000005
065722024012209930000003;000001;1;000002;065722024012209930000003000001
065722024012209930000003;000001;2;000002;065722024012209930000003000001
065722024010709930000054;000002;1;000003;065722024010709930000054000002
065722024010709930000054;000006;1;000008;065722024010709930000054000006
065722024004509930000026;000004;1;000010;065722024004509930000026000004
065722024004509930000026;000008;1;000009;065722024004509930000026000008
065722024010909930000081;000007;1;000010;065722024010909930000081000007
065722024010909930000081;000008;1;000009;065722024010909930000081000008
065722024013509820000011;000003;1;000004;065722024013509820000011000003
065722024013509820000011;000013;1;000014;065722024013509820000011000013
065722024013509930000333;000003;1;000004;065722024013509930000333000003
065722024010709930000186;000002;1;000005;065722024010709930000186000002
065722024011409930000117;000001;1;000004;065722024011409930000117000001
065722024011409930000117;000002;1;000003;065722024011409930000117000002
065722024013609930000045;000001;1;000010;065722024013609930000045000001
065722024013609930000045;000002;1;000009;065722024013609930000045000002
065722024013609930000045;000003;1;000008;065722024013609930000045000003
065722024013609930000045;000004;1;000007;065722024013609930000045000004
065722024013609930000045;000005;1;000006;065722024013609930000045000005
065722024003509930000042;000001;1;000008;065722024003509930000042000001
065722024003509930000042;000002;1;000007;065722024003509930000042000002
065722024003509930000042;000003;1;000006;065722024003509930000042000003
065722024003509930000042;000004;1;000005;065722024003509930000042000004
065722024010709930000118;000003;1;000005;065722024010709930000118000003
065722024000809930000020;000001;1;000002;065722024000809930000020000001
065722024014109930000020;000001;1;000002;065722024014109930000020000001
065722024014509930000058;000010;1;000011;065722024014509930000058000010
065722024014109930000051;000001;1;000008;065722024014109930000051000001
065722024014109930000051;000002;1;000007;065722024014109930000051000002
065722024014109930000051;000003;1;000006;065722024014109930000051000003
065722024014109930000051;000004;1;000005;065722024014109930000051000004
065722024001809930000022;000009;1;000010;065722024001809930000022000009
065722024002409930000073;000001;1;000002;065722024002409930000073000001
065722024002409930000073;000008;1;000009;065722024002409930000073000008
065722024011409930000139;000001;1;000004;065722024011409930000139000001
065722024011409930000139;000002;1;000003;065722024011409930000139000002
065722024000809930000025;000001;1;000002;065722024000809930000025000001
065722024000809930000025;000007;1;000009;065722024000809930000025000007
065722024000809930000025;000017;1;000019;065722024000809930000025000017
065722024000809930000025;000018;1;000021;065722024000809930000025000018
065722024000109930000008;000001;1;000006;065722024000109930000008000001
065722024000109930000008;000002;1;000005;065722024000109930000008000002
065722024000109930000008;000003;1;000004;065722024000109930000008000003
065722024004109820000002;000005;1;000006;065722024004109820000002000005
065722024002409930000118;000001;1;000002;065722024002409930000118000001
065722024013509930000279;000002;1;000003;065722024013509930000279000002
065722024013509930000279;000009;1;000010;065722024013509930000279000009
065722024013609930000085;000001;1;000004;065722024013609930000085000001
065722024013609930000085;000002;1;000003;065722024013609930000085000002
065722024013609930000085;000005;1;000006;065722024013609930000085000005
065722024002009930000115;000005;1;000006;065722024002009930000115000005
065722024004509930000108;000046;1;000051;065722024004509930000108000046
065722024013509930000265;000003;1;000004;065722024013509930000265000003
065722024013509930000265;000007;1;000008;065722024013509930000265000007
065722024013509930000265;000011;1;000012;065722024013509930000265000011
065722024013509930000278;000002;1;000003;065722024013509930000278000002
065722024013509930000278;000006;1;000007;065722024013509930000278000006
065722024004609930000070;000002;1;000003;065722024004609930000070000002
065722024004609930000070;000004;1;000005;065722024004609930000070000004
065722024011309930000143;000001;1;000002;065722024011309930000143000001
065722024005709820000003;000003;1;000004;065722024005709820000003000003
065722024005709820000003;000011;1;000012;065722024005709820000003000011
065722024014209820000009;000001;1;000002;065722024014209820000009000001
065722024014209820000009;000003;1;000004;065722024014209820000009000003
065722024014609930000030;000001;1;000002;065722024014609930000030000001
065722024012809930000013;000017;1;000020;065722024012809930000013000017
065722024012809930000013;000023;1;000026;065722024012809930000013000023
065722024012809930000013;000024;1;000028;065722024012809930000013000024
065722024012109930000006;000002;1;000003;065722024012109930000006000002
065722024001909930000064;000004;1;000005;065722024001909930000064000004
065722024010909930000162;000001;1;000003;065722024010909930000162000001
065722024000109930000044;000003;1;000004;065722024000109930000044000003
065722024000109930000044;000005;1;000006;065722024000109930000044000005
065722024000809930000166;000005;1;000006;065722024000809930000166000005
065722024000809930000157;000005;1;000006;065722024000809930000157000005
065722024014409930000096;000001;1;000002;065722024014409930000096000001
065722024002009930000136;000001;1;000002;065722024002009930000136000001
065722024002509930000113;000003;1;000004;065722024002509930000113000003
065722024014209930000073;000001;1;000003;065722024014209930000073000001
065722024014209930000073;000002;1;000005;065722024014209930000073000002
065722024014209930000073;000007;1;000011;065722024014209930000073000007
065722024014209930000073;000009;1;000010;065722024014209930000073000009
065722024014209930000073;000020;1;000021;065722024014209930000073000020
065722024014409930000157;000003;1;000004;065722024014409930000157000003
065722024000109930000046;000002;1;000003;065722024000109930000046000002
065722024004909930000255;000001;1;000002;065722024004909930000255000001
065722024004909820000007;000001;1;000004;065722024004909820000007000001
065722024004909820000007;000002;1;000003;065722024004909820000007000002
065722024006209930000153;000004;1;000007;065722024006209930000153000004
065722024006209930000153;000005;1;000006;065722024006209930000153000005
065722024014709930000116;000002;1;000003;065722024014709930000116000002
065722024006809820000002;000001;1;000012;065722024006809820000002000001
065722024006809820000002;000002;1;000013;065722024006809820000002000002
065722024006809820000002;000016;1;000032;065722024006809820000002000016
065722024006809820000002;000018;1;000030;065722024006809820000002000018
065722024006809820000002;000021;1;000029;065722024006809820000002000021
065722024006809820000002;000025;1;000027;065722024006809820000002000025
065722024006809820000002;000026;1;000035;065722024006809820000002000026
065722024006809820000002;000059;1;000069;065722024006809820000002000059
065722024006809820000002;000087;1;000091;065722024006809820000002000087
065722024013509930000434;000002;1;000003;065722024013509930000434000002
065722024004609930000141;000002;1;000003;065722024004609930000141000002
065722024004609930000141;000005;1;000006;065722024004609930000141000005
065722024000109930000056;000002;1;000008;065722024000109930000056000002
065722024000109930000056;000001;1;000006;065722024000109930000056000001
065722024000109930000056;000005;1;000010;065722024000109930000056000005
065722024000109930000056;000012;1;000017;065722024000109930000056000012
065722024000109930000056;000018;1;000019;065722024000109930000056000018
065722024001509930000055;000001;1;000002;065722024001509930000055000001
065722024006309820000001;000001;1;000002;065722024006309820000001000001
065722024004609930000139;000006;1;000007;065722024004609930000139000006
065722024014509930000082;000002;1;000003;065722024014509930000082000002
065722024014509930000082;000008;1;000010;065722024014509930000082000008
065722024014509930000081;000002;1;000003;065722024014509930000081000002
065722024014509930000081;000007;1;000008;065722024014509930000081000007
065722024014509930000113;000006;1;000007;065722024014509930000113000006
065722024014509930000113;000008;1;000009;065722024014509930000113000008
065722024001809930000080;000006;1;000007;065722024001809930000080000006
065722024012109930000010;000002;1;000003;065722024012109930000010000002
065722024000709820000002;000001;1;000005;065722024000709820000002000001
065722024000709820000002;000002;1;000003;065722024000709820000002000002
065722024011509930000003;000005;1;000006;065722024011509930000003000005
065722024011509930000003;000008;1;000009;065722024011509930000003000008
065722024011509930000003;000010;1;000011;065722024011509930000003000010
065722024003809930000112;000001;1;000002;065722024003809930000112000001
065722024011309930000198;000003;1;000004;065722024011309930000198000003
065722024005809930000111;000006;1;000007;065722024005809930000111000006
065722024002509930000155;000001;1;000002;065722024002509930000155000001
065722024002509930000150;000001;1;000002;065722024002509930000150000001
065722024002509930000150;000008;1;000009;065722024002509930000150000008
065722024002509930000152;000006;1;000007;065722024002509930000152000006
065722024002509930000153;000002;1;000003;065722024002509930000153000002
065722024002509930000153;000009;1;000010;065722024002509930000153000009
065722024002509930000154;000001;1;000002;065722024002509930000154000001
065722024002509930000154;000008;1;000009;065722024002509930000154000008
065722024002509930000158;000002;1;000003;065722024002509930000158000002
065722024002509930000158;000009;1;000010;065722024002509930000158000009
065722024014509820000010;000002;1;000003;065722024014509820000010000002
065722024014509820000010;000005;1;000006;065722024014509820000010000005
065722024013609930000115;000001;1;000004;065722024013609930000115000001
065722024013609930000115;000002;1;000003;065722024013609930000115000002
065722024014709930000201;000001;1;000002;065722024014709930000201000001
065722024011409930000105;000001;1;000002;065722024011409930000105000001
065722024004909820000006;000006;1;000007;065722024004909820000006000006
065722024010709930000276;000001;1;000002;065722024010709930000276000001
065722024010709930000276;000003;1;000004;065722024010709930000276000003
065722024010709930000276;000006;1;000007;065722024010709930000276000006
065722024010709930000276;000008;1;000009;065722024010709930000276000008
065722024003509930000144;000001;1;000008;065722024003509930000144000001
065722024003509930000144;000002;1;000003;065722024003509930000144000002
065722024003509930000144;000004;1;000007;065722024003509930000144000004
065722024003509930000144;000005;1;000006;065722024003509930000144000005
065722024012109930000005;000001;1;000008;065722024012109930000005000001
065722024012109930000005;000002;1;000006;065722024012109930000005000002
065722024012109930000005;000004;1;000007;065722024012109930000005000004
065722024012109930000005;000003;1;000005;065722024012109930000005000003
065722024014409930000134;000002;1;000003;065722024014409930000134000002
065722024005809930000078;000005;1;000006;065722024005809930000078000005
065722024005809930000078;000008;1;000009;065722024005809930000078000008
065722024011309930000185;000005;1;000006;065722024011309930000185000005
065722024003809930000079;000008;1;000011;065722024003809930000079000008
065722024003809930000079;000009;1;000010;065722024003809930000079000009
065722024003809930000079;000012;1;000013;065722024003809930000079000012
065722024006209930000124;000002;1;000003;065722024006209930000124000002
065722024002509930000119;000001;1;000003;065722024002509930000119000001
065722024000809930000148;000002;1;000003;065722024000809930000148000002
065722024005609930000074;000001;1;000004;065722024005609930000074000001
065722024005609930000074;000002;1;000003;065722024005609930000074000002
065722024011309930000223;000001;1;000002;065722024011309930000223000001
065722024002109930000097;000001;1;000002;065722024002109930000097000001
065722024002109930000098;000001;1;000002;065722024002109930000098000001
065722024002109930000101;000001;1;000002;065722024002109930000101000001
065722024003909930000017;000001;1;000002;065722024003909930000017000001
065722024003809930000092;000001;1;000002;065722024003809930000092000001
065722024004509930000119;000002;1;000003;065722024004509930000119000002
065722024012209930000005;000004;1;000005;065722024012209930000005000004
065722024014209930000112;000002;1;000003;065722024014209930000112000002
065722024014209930000112;000004;1;000005;065722024014209930000112000004
065722024013509930000353;000006;1;000007;065722024013509930000353000006
065722024013509930000466;000006;1;000010;065722024013509930000466000006
065722024013509930000466;000007;1;000009;065722024013509930000466000007
065722024001809930000130;000001;1;000002;065722024001809930000130000001
065722024001809930000130;000006;1;000007;065722024001809930000130000006
065722024001809930000130;000010;1;000011;065722024001809930000130000010
065722024001809930000130;000013;1;000014;065722024001809930000130000013
065722024012109930000014;000001;1;000002;065722024012109930000014000001
065722024010909930000188;000028;1;000029;065722024010909930000188000028
065722024010909930000188;000033;1;000043;065722024010909930000188000033
065722024010909930000188;000034;1;000035;065722024010909930000188000034
065722024004509930000051;000007;1;000008;065722024004509930000051000007
065722024013509930000114;000010;1;000011;065722024013509930000114000010
065722024013509930000114;000012;1;000013;065722024013509930000114000012
065722024011309930000103;000009;1;000010;065722024011309930000103000009
065722024011309930000092;000004;1;000008;065722024011309930000092000004
065722024011309930000092;000005;1;000006;065722024011309930000092000005
065722024010709930000075;000001;1;000006;065722024010709930000075000001
065722024010709930000075;000002;1;000005;065722024010709930000075000002
065722024010709930000075;000003;1;000004;065722024010709930000075000003
065722024012109930000003;000002;1;000005;065722024012109930000003000002
065722024012109930000003;000003;1;000004;065722024012109930000003000003
065722024012109930000003;000008;1;000009;065722024012109930000003000008
065722024012109930000003;000011;1;000015;065722024012109930000003000011
065722024012109930000003;000013;1;000014;065722024012109930000003000013
065722024012109930000003;000018;1;000019;065722024012109930000003000018
065722024013809820000009;000007;1;000008;065722024013809820000009000007
065722024013809820000009;000010;1;000011;065722024013809820000009000010
065722024013509930000150;000010;1;000011;065722024013509930000150000010
065722024013509930000150;000018;1;000019;065722024013509930000150000018
065722024005209930000035;000002;1;000003;065722024005209930000035000002
065722024005209930000035;000006;1;000009;065722024005209930000035000006
065722024005209930000035;000007;1;000008;065722024005209930000035000007
065722024005209930000035;000011;1;000012;065722024005209930000035000011
065722024002009930000056;000009;1;000010;065722024002009930000056000009
065722024013509930000171;000002;1;000003;065722024013509930000171000002
065722024013509930000171;000005;1;000006;065722024013509930000171000005
065722024013509930000171;000008;1;000009;065722024013509930000171000008
065722024013509930000174;000034;1;000040;065722024013509930000174000034
065722024013509930000174;000037;1;000038;065722024013509930000174000037
065722024002509930000065;000001;1;000002;065722024002509930000065000001
065722024011309930000096;000008;1;000011;065722024011309930000096000008
065722024011309930000096;000009;1;000010;065722024011309930000096000009
065722024003509930000078;000010;1;000011;065722024003509930000078000010
065722024014109930000029;000001;1;000002;065722024014109930000029000001
065722024014109930000029;000004;1;000005;065722024014109930000029000004
065722024002409930000090;000021;1;000025;065722024002409930000090000021
065722024002409930000090;000022;1;000024;065722024002409930000090000022
065722024002409930000090;000023;1;000030;065722024002409930000090000023
065722024002409930000090;000026;1;000028;065722024002409930000090000026
065722024002409930000090;000027;1;000029;065722024002409930000090000027
065722024011309930000130;000002;1;000003;065722024011309930000130000002
065722024000809930000131;000001;1;000002;065722024000809930000131000001
065722024001809930000107;000001;1;000002;065722024001809930000107000001
065722024010709930000289;000005;1;000007;065722024010709930000289000005
065722024010709930000289;000006;1;000009;065722024010709930000289000006
065722024010709930000289;000011;1;000014;065722024010709930000289000011
065722024010709930000289;000012;1;000013;065722024010709930000289000012
065722024013509930000462;000001;1;000004;065722024013509930000462000001
065722024013509930000462;000002;1;000003;065722024013509930000462000002
065722024013509930000462;000006;1;000007;065722024013509930000462000006
065722024003509930000160;000001;1;000003;065722024003509930000160000001
065722024003509930000160;000002;1;000004;065722024003509930000160000002
065722024003509820000022;000008;1;000009;065722024003509820000022000008
065722024003509820000023;000001;1;000006;065722024003509820000023000001
065722024003509820000023;000002;1;000005;065722024003509820000023000002
065722024003509820000023;000003;1;000004;065722024003509820000023000003
065722024010409930000012;000005;1;000006;065722024010409930000012000005
065722024001009930000113;000002;1;000003;065722024001009930000113000002
065722024001009930000113;000013;1;000014;065722024001009930000113000013
065722024014509930000193;000005;1;000007;065722024014509930000193000005
065722024014509930000193;000011;1;000013;065722024014509930000193000011
065722024014709930000211;000007;1;000008;065722024014709930000211000007
065722024013509930000461;000005;1;000006;065722024013509930000461000005
065722024012209930000006;000002;1;000003;065722024012209930000006000002
065722024004909930000276;000003;1;000004;065722024004909930000276000003
065722024004909930000276;000007;1;000008;065722024004909930000276000007
065722024004909930000264;000001;1;000002;065722024004909930000264000001
065722024004109930000107;000005;1;000007;065722024004109930000107000005
065722024004109930000107;000015;1;000016;065722024004109930000107000015
065722024011409930000177;000001;1;000015;065722024011409930000177000001
065722024011409930000177;000002;1;000003;065722024011409930000177000002
065722024011409930000177;000010;1;000022;065722024011409930000177000010
065722024011409930000177;000017;1;000020;065722024011409930000177000017
065722024011409930000177;000100;1;000106;065722024011409930000177000100
065722024011409930000177;000101;1;000104;065722024011409930000177000101
065722024011409930000177;000105;1;000108;065722024011409930000177000105
065722024014409930000137;000002;1;000003;065722024014409930000137000002
065722024014409930000137;000008;1;000009;065722024014409930000137000008
065722024002009820000007;000003;1;000004;065722024002009820000007000003
065722024002009820000007;000011;1;000012;065722024002009820000007000011
065722024014709930000197;000003;1;000004;065722024014709930000197000003
065722024014709930000197;000006;1;000009;065722024014709930000197000006
065722024014709930000197;000007;1;000008;065722024014709930000197000007
065722024014709930000197;000012;1;000013;065722024014709930000197000012
065722024003509930000147;000001;1;000002;065722024003509930000147000001
065722024014609930000049;000014;1;000017;065722024014609930000049000014
065722024014409930000136;000028;1;000029;065722024014409930000136000028
065722024014409930000136;000032;1;000035;065722024014409930000136000032
065722024013509930000505;000006;1;000011;065722024013509930000505000006
065722024013509930000505;000007;1;000010;065722024013509930000505000007
065722024013509930000505;000014;1;000015;065722024013509930000505000014
065722024010909930000235;000001;1;000004;065722024010909930000235000001
065722024010909930000235;000002;1;000003;065722024010909930000235000002
065722024011309930000249;000004;1;000005;065722024011309930000249000004
065722024004509820000002;000001;1;000002;065722024004509820000002000001
065722024011309930000220;000001;1;000002;065722024011309930000220000001
065722024011309930000220;000004;1;000005;065722024011309930000220000004
065722024011309930000220;000007;1;000008;065722024011309930000220000007
065722024011309930000220;000009;1;000010;065722024011309930000220000009
065722024011309930000220;000014;1;000015;065722024011309930000220000014
065722024011309930000220;000018;1;000019;065722024011309930000220000018
065722024002409930000174;000001;1;000002;065722024002409930000174000001
065722024010909930000224;000002;1;000003;065722024010909930000224000002
065722024010909930000226;000003;1;000004;065722024010909930000226000003
065722024013509930000578;000002;1;000004;065722024013509930000578000002
065722024004909930000272;000001;1;000002;065722024004909930000272000001
065722024011309930000250;000004;1;000007;065722024011309930000250000004
065722024011309930000250;000005;1;000006;065722024011309930000250000005
065722024011309930000250;000008;1;000011;065722024011309930000250000008
065722024011309930000250;000009;1;000010;065722024011309930000250000009
065722024005709930000048;000003;1;000004;065722024005709930000048000003
065722024004909930000236;000039;1;000051;065722024004909930000236000039
065722024001909930000096;000002;1;000003;065722024001909930000096000002
065722024010909930000365;000023;1;000025;065722024010909930000365000023
065722024013509930000473;000003;1;000004;065722024013509930000473000003
065722024013509930000473;000007;1;000008;065722024013509930000473000007
065722024002109820000042;000001;1;000002;065722024002109820000042000001
065722024002109820000042;000004;1;000006;065722024002109820000042000004
065722024002109820000042;000005;1;000007;065722024002109820000042000005
065722024002109820000042;000020;1;000022;065722024002109820000042000020
065722024005209930000071;000002;1;000003;065722024005209930000071000002
065722024005209930000071;000004;1;000008;065722024005209930000071000004
065722024005209930000071;000005;1;000007;065722024005209930000071000005
065722024005209930000071;000011;1;000012;065722024005209930000071000011
065722024010709930000255;000007;1;000008;065722024010709930000255000007
065722024003509930000168;000003;1;000006;065722024003509930000168000003
065722024003509930000168;000004;1;000005;065722024003509930000168000004
065722024002509930000170;000009;1;000011;065722024002509930000170000009
065722024002509930000170;000010;1;000013;065722024002509930000170000010
065722024002509930000170;000012;1;000015;065722024002509930000170000012
065722024002509930000170;000018;1;000019;065722024002509930000170000018
065722024002509930000170;000017;1;000020;065722024002509930000170000017
065722024003709930000110;000001;1;000002;065722024003709930000110000001
065722024003709930000110;000007;1;000008;065722024003709930000110000007
065722024003709930000109;000001;1;000002;065722024003709930000109000001
065722024002509930000171;000005;1;000006;065722024002509930000171000005
065722024011409930000170;000002;1;000003;065722024011409930000170000002
065722024011409930000170;000004;1;000005;065722024011409930000170000004
065722024011309930000262;000001;1;000002;065722024011309930000262000001
065722024000809930000163;000001;1;000002;065722024000809930000163000001
065722024010909930000251;000001;1;000002;065722024010909930000251000001
065722024005209930000099;000010;1;000012;065722024005209930000099000010
065722024005209930000099;000009;1;000011;065722024005209930000099000009
065722024000809930000168;000006;1;000007;065722024000809930000168000006
065722024013609930000144;000002;1;000003;065722024013609930000144000002
065722024011309930000268;000004;1;000005;065722024011309930000268000004
065722024014709930000261;000001;1;000005;065722024014709930000261000001
065722024014709930000261;000002;1;000006;065722024014709930000261000002
065722024014709930000261;000003;1;000007;065722024014709930000261000003
065722024014709930000261;000004;1;000008;065722024014709930000261000004
065722024014709930000233;000006;1;000007;065722024014709930000233000006
065722024014709930000232;000005;1;000006;065722024014709930000232000005
065722024011309930000258;000004;1;000005;065722024011309930000258000004
065722024011309930000258;000008;1;000009;065722024011309930000258000008
065722024004909930000301;000005;1;000006;065722024004909930000301000005
065722024001509930000096;000001;1;000002;065722024001509930000096000001
065722024010709930000306;000001;1;000002;065722024010709930000306000001
065722024003709930000105;000004;1;000005;065722024003709930000105000004
065722024006209930000187;000007;1;000008;065722024006209930000187000007
065722024000109930000087;000005;1;000006;065722024000109930000087000005
065722024005709930000049;000003;1;000004;065722024005709930000049000003
065722024001909930000137;000009;1;000010;065722024001909930000137000009
065722024004509930000197;000006;1;000007;065722024004509930000197000006
065722024004509930000197;000009;1;000011;065722024004509930000197000009
065722024004509930000197;000014;1;000017;065722024004509930000197000014
065722024004509930000197;000013;1;000015;065722024004509930000197000013
065722024004509930000197;000019;1;000021;065722024004509930000197000019
065722024010909930000298;000040;1;000048;065722024010909930000298000040
065722024010909930000298;000041;1;000047;065722024010909930000298000041
065722024010909930000298;000042;1;000052;065722024010909930000298000042
065722024010909930000298;000043;1;000051;065722024010909930000298000043
065722024010909930000298;000044;1;000050;065722024010909930000298000044
065722024010909930000298;000045;1;000049;065722024010909930000298000045
065722024010909930000298;000046;1;000053;065722024010909930000298000046
065722024004609930000200;000005;1;000006;065722024004609930000200000005
065722024004609930000196;000004;1;000005;065722024004609930000196000004
065722024005509930000063;000001;1;000006;065722024005509930000063000001
065722024005509930000063;000002;1;000005;065722024005509930000063000002
065722024005509930000063;000003;1;000004;065722024005509930000063000003
065722024014209930000115;000001;1;000004;065722024014209930000115000001
065722024014209930000115;000002;1;000003;065722024014209930000115000002
065722024002909930000125;000003;1;000004;065722024002909930000125000003
065722024013509930000553;000002;1;000003;065722024013509930000553000002
065722024000709930000215;000002;1;000003;065722024000709930000215000002
065722024013509930000519;000001;1;000002;065722024013509930000519000001
065722024004609930000220;000004;1;000005;065722024004609930000220000004
065722024013809930000139;000001;1;000002;065722024013809930000139000001
065722024013809930000138;000001;1;000002;065722024013809930000138000001
065722024013809930000137;000003;1;000004;065722024013809930000137000003
065722024003509930000176;000002;1;000003;065722024003509930000176000002
065722024003509930000176;000004;1;000005;065722024003509930000176000004
065722024013509930000524;000003;1;000004;065722024013509930000524000003
065722024004909820000008;000001;1;000002;065722024004909820000008000001
065722024004909820000008;000008;1;000009;065722024004909820000008000008
065722024004909820000008;000010;1;000011;065722024004909820000008000010
065722024004609930000219;000006;1;000007;065722024004609930000219000006
065722024005309930000078;000004;1;000005;065722024005309930000078000004
065722024004209930000117;000001;1;000002;065722024004209930000117000001
065722024000809930000161;000001;1;000002;065722024000809930000161000001
065722024013509930000659;000004;1;000027;065722024013509930000659000004
065722024013509930000659;000005;1;000029;065722024013509930000659000005
065722024013509930000659;000006;1;000031;065722024013509930000659000006
065722024013509930000659;000007;1;000033;065722024013509930000659000007
065722024013509930000659;000008;1;000035;065722024013509930000659000008
065722024013509930000659;000009;1;000037;065722024013509930000659000009
065722024013509930000659;000010;1;000039;065722024013509930000659000010
065722024013509930000659;000011;1;000041;065722024013509930000659000011
065722024013509930000659;000012;1;000043;065722024013509930000659000012
065722024013509930000659;000013;1;000045;065722024013509930000659000013
065722024013509930000659;000014;1;000047;065722024013509930000659000014
065722024013509930000659;000017;1;000046;065722024013509930000659000017
065722024013509930000659;000018;1;000032;065722024013509930000659000018
065722024013509930000659;000019;1;000028;065722024013509930000659000019
065722024013509930000659;000020;1;000040;065722024013509930000659000020
065722024013509930000659;000021;1;000038;065722024013509930000659000021
065722024013509930000659;000022;1;000036;065722024013509930000659000022
065722024013509930000659;000023;1;000042;065722024013509930000659000023
065722024013509930000659;000024;1;000034;065722024013509930000659000024
065722024013509930000659;000025;1;000030;065722024013509930000659000025
065722024013509930000659;000015;1;000044;065722024013509930000659000015
065722024013509930000659;000016;1;000026;065722024013509930000659000016
065722024001509930000100;000001;1;000002;065722024001509930000100000001
065722024001509930000100;000006;1;000007;065722024001509930000100000006
065722024004909930000398;000003;1;000004;065722024004909930000398000003
065722024005809820000041;000001;1;000003;065722024005809820000041000001
065722024005809820000041;000002;1;000004;065722024005809820000041000002
065722024005809820000041;000006;1;000007;065722024005809820000041000006
065722024014509820000011;000001;1;000002;065722024014509820000011000001
065722024001509930000094;000001;1;000002;065722024001509930000094000001
065722024001509930000095;000001;1;000002;065722024001509930000095000001
065722024014609930000083;000001;1;000009;065722024014609930000083000001
065722024014609930000083;000002;1;000008;065722024014609930000083000002
065722024014609930000083;000003;1;000006;065722024014609930000083000003
065722024014609930000083;000004;1;000005;065722024014609930000083000004
065722024006309930000068;000006;1;000007;065722024006309930000068000006
065722024014509930000161;000001;1;000002;065722024014509930000161000001
065722024014509930000161;000005;1;000006;065722024014509930000161000005
065722024014409930000194;000003;1;000010;065722024014409930000194000003
065722024014409930000194;000004;1;000009;065722024014409930000194000004
065722024014409930000194;000005;1;000008;065722024014409930000194000005
065722024014409930000194;000006;1;000007;065722024014409930000194000006
065722024002709930000120;000001;1;000002;065722024002709930000120000001
065722024005809930000181;000001;1;000002;065722024005809930000181000001
065722024004509930000181;000004;1;000005;065722024004509930000181000004
065722024004509930000181;000006;1;000009;065722024004509930000181000006
065722024004509930000181;000007;1;000008;065722024004509930000181000007
065722024004509930000181;000012;1;000013;065722024004509930000181000012
065722024004109930000120;000001;1;000004;065722024004109930000120000001
065722024004109930000120;000002;1;000003;065722024004109930000120000002
065722024010409930000015;000001;1;000003;065722024010409930000015000001
065722024010409930000015;000002;1;000005;065722024010409930000015000002
065722024011309930000312;000003;1;000004;065722024011309930000312000003
065722024001809930000208;000001;1;000002;065722024001809930000208000001
065722024013509930000260;000006;1;000007;065722024013509930000260000006
065722024010909930000139;000001;1;000002;065722024010909930000139000001
065722024010909930000139;000004;1;000005;065722024010909930000139000004
065722024012809930000003;000002;1;000005;065722024012809930000003000002
065722024012809930000003;000003;1;000004;065722024012809930000003000003
065722024004109930000063;000005;1;000006;065722024004109930000063000005
065722024013509820000009;000003;1;000004;065722024013509820000009000003
065722024013509820000009;000005;1;000006;065722024013509820000009000005
065722024010709930000192;000003;1;000004;065722024010709930000192000003
065722024011409930000089;000003;1;000004;065722024011409930000089000003
065722024011409930000089;000005;1;000006;065722024011409930000089000005
065722024011409930000089;000007;1;000008;065722024011409930000089000007
065722024011309930000123;000005;1;000006;065722024011309930000123000005
065722024000809930000063;000002;1;000003;065722024000809930000063000002
065722024000809930000063;000005;1;000006;065722024000809930000063000005
065722024012809930000004;000001;1;000005;065722024012809930000004000001
065722024012809930000004;000002;1;000006;065722024012809930000004000002
065722024012809930000004;000003;1;000007;065722024012809930000004000003
065722024012809930000004;000004;1;000008;065722024012809930000004000004
065722024012809930000004;000013;1;000021;065722024012809930000004000013
065722024012809930000004;000014;1;000022;065722024012809930000004000014
065722024012809930000004;000015;1;000023;065722024012809930000004000015
065722024012809930000004;000016;1;000024;065722024012809930000004000016
065722024012809930000004;000017;1;000018;065722024012809930000004000017
065722024012809930000004;000019;1;000020;065722024012809930000004000019
065722024012809930000004;000038;1;000041;065722024012809930000004000038
065722024004209930000061;000001;1;000002;065722024004209930000061000001
065722024006209930000096;000002;1;000003;065722024006209930000096000002
065722024003509930000100;000006;1;000007;065722024003509930000100000006
065722024004609930000063;000005;1;000006;065722024004609930000063000005
065722024004609930000064;000005;1;000006;065722024004609930000064000005
065722024004609930000067;000007;1;000008;065722024004609930000067000007
065722024014009930000070;000006;1;000009;065722024014009930000070000006
065722024014009930000070;000007;1;000008;065722024014009930000070000007
065722024005809820000006;000007;1;000008;065722024005809820000006000007
065722024003709930000051;000001;1;000002;065722024003709930000051000001
065722024003709930000051;000004;1;000005;065722024003709930000051000004
065722024003709930000051;000009;1;000012;065722024003709930000051000009
065722024003709930000051;000010;1;000011;065722024003709930000051000010
065722024013509930000293;000004;1;000005;065722024013509930000293000004
065722024013809930000063;000001;1;000002;065722024013809930000063000001
065722024013809930000063;000006;1;000007;065722024013809930000063000006
065722024013509930000296;000006;1;000007;065722024013509930000296000006
065722024010709930000180;000001;1;000002;065722024010709930000180000001
065722024002009930000117;000001;1;000002;065722024002009930000117000001
065722024013809930000064;000001;1;000002;065722024013809930000064000001
065722024013809930000064;000003;1;000004;065722024013809930000064000003
065722024005509930000028;000003;1;000004;065722024005509930000028000003
065722024004609930000083;000005;1;000006;065722024004609930000083000005
065722024004609930000083;000007;1;000008;065722024004609930000083000007
065722024004609930000083;000009;1;000010;065722024004609930000083000009
065722024004909930000284;000001;1;000004;065722024004909930000284000001
065722024004909930000284;000002;1;000003;065722024004909930000284000002
065722024010909930000182;000001;1;000002;065722024010909930000182000001
065722024011309930000184;000005;1;000006;065722024011309930000184000005
065722024013709930000028;000001;1;000002;065722024013709930000028000001
065722024013709930000028;000010;1;000011;065722024013709930000028000010
065722024002009930000097;000007;1;000008;065722024002009930000097000007
065722024004109930000085;000003;1;000004;065722024004109930000085000003
065722024013509930000342;000001;1;000002;065722024013509930000342000001
065722024013509930000342;000007;1;000008;065722024013509930000342000007
065722024004609930000102;000002;1;000003;065722024004609930000102000002
065722024001509930000062;000004;1;000012;065722024001509930000062000004
065722024001509930000062;000010;1;000013;065722024001509930000062000010
065722024001509930000062;000067;1;000078;065722024001509930000062000067
065722024001509930000062;000068;1;000079;065722024001509930000062000068
065722024001509930000062;000069;1;000080;065722024001509930000062000069
065722024001509930000062;000070;1;000083;065722024001509930000062000070
065722024001509930000062;000071;1;000084;065722024001509930000062000071
065722024001509930000062;000072;1;000086;065722024001509930000062000072
065722024001509930000062;000073;1;000087;065722024001509930000062000073
065722024001509930000062;000074;1;000088;065722024001509930000062000074
065722024001509930000062;000075;1;000089;065722024001509930000062000075
065722024001509930000062;000076;1;000090;065722024001509930000062000076
065722024001509930000062;000077;1;000085;065722024001509930000062000077
065722024001509930000062;000081;1;000082;065722024001509930000062000081
065722024005209930000048;000004;1;000005;065722024005209930000048000004
065722024011409930000110;000001;1;000002;065722024011409930000110000001
065722024005609930000049;000003;1;000004;065722024005609930000049000003
065722024010909930000186;000001;1;000002;065722024010909930000186000001
065722024004209930000070;000001;1;000002;065722024004209930000070000001
065722024004109820000003;000004;1;000005;065722024004109820000003000004
065722024011309930000213;000002;1;000003;065722024011309930000213000002
065722024014509930000145;000001;1;000004;065722024014509930000145000001
065722024014509930000145;000002;1;000003;065722024014509930000145000002
065722024013809930000093;000002;1;000003;065722024013809930000093000002
065722024001009930000179;000003;1;000004;065722024001009930000179000003
065722024001009930000179;000007;1;000008;065722024001009930000179000007
065722024001009930000179;000010;1;000011;065722024001009930000179000010
065722024014409930000203;000001;1;000002;065722024014409930000203000001
065722024014409930000203;000003;1;000004;065722024014409930000203000003
065722024013509930000632;000004;1;000005;065722024013509930000632000004
065722024010909930000301;000006;1;000007;065722024010909930000301000006
065722024004509930000258;000002;1;000003;065722024004509930000258000002
065722024004509930000258;000009;1;000010;065722024004509930000258000009
065722024010909930000318;000001;1;000006;065722024010909930000318000001
065722024010909930000318;000002;1;000005;065722024010909930000318000002
065722024010909930000318;000003;1;000004;065722024010909930000318000003
065722024014009930000266;000023;1;000034;065722024014009930000266000023
065722024014009930000266;000024;1;000036;065722024014009930000266000024
065722024014009930000266;000025;1;000039;065722024014009930000266000025
065722024014009930000266;000026;1;000041;065722024014009930000266000026
065722024014009930000266;000027;1;000044;065722024014009930000266000027
065722024014009930000266;000028;1;000043;065722024014009930000266000028
065722024014009930000266;000029;1;000046;065722024014009930000266000029
065722024014009930000266;000066;1;000072;065722024014009930000266000066
065722024010709930000361;000006;1;000007;065722024010709930000361000006
065722024013509930000653;000001;1;000004;065722024013509930000653000001
065722024013509930000653;000002;1;000006;065722024013509930000653000002
065722024013509930000653;000003;1;000008;065722024013509930000653000003
065722024002109930000186;000001;1;000002;065722024002109930000186000001
065722024002109930000186;000012;1;000013;065722024002109930000186000012
065722024002109930000186;000014;1;000015;065722024002109930000186000014
065722024013509930000598;000001;1;000002;065722024013509930000598000001
065722024013509930000642;000001;1;000004;065722024013509930000642000001
065722024013509930000642;000002;1;000005;065722024013509930000642000002
065722024013509930000642;000003;1;000006;065722024013509930000642000003
065722024014209820000015;000001;1;000003;065722024014209820000015000001
065722024004509930000206;000003;1;000004;065722024004509930000206000003
065722024013509930000610;000001;1;000002;065722024013509930000610000001
065722024001809820000003;000004;1;000005;065722024001809820000003000004
065722024003509930000196;000002;1;000003;065722024003509930000196000002
065722024004109930000146;000006;1;000007;065722024004109930000146000006
065722024001909930000149;000004;1;000005;065722024001909930000149000004
065722024013609930000164;000005;1;000006;065722024013609930000164000005
065722024004509820000005;000002;1;000003;065722024004509820000005000002
065722024013709930000053;000002;1;000006;065722024013709930000053000002
065722024013709930000053;000008;1;000009;065722024013709930000053000008
065722024013709930000053;000010;1;000011;065722024013709930000053000010
065722024013709930000053;000016;1;000017;065722024013709930000053000016
065722024013509930000588;000001;1;000004;065722024013509930000588000001
065722024013509930000588;000002;1;000003;065722024013509930000588000002
065722024004509820000006;000004;1;000005;065722024004509820000006000004
065722024012809930000012;000001;1;000003;065722024012809930000012000001
065722024012809930000012;000002;1;000004;065722024012809930000012000002
065722024005609930000094;000006;1;000007;065722024005609930000094000006
065722024004909930000340;000002;1;000003;065722024004909930000340000002
065722024005509930000070;000001;1;000002;065722024005509930000070000001
065722024011309930000358;000035;1;000050;065722024011309930000358000035
065722024011309930000358;000036;1;000052;065722024011309930000358000036
065722024011309930000358;000037;1;000054;065722024011309930000358000037
065722024011309930000358;000038;1;000055;065722024011309930000358000038
065722024011309930000358;000048;1;000060;065722024011309930000358000048
065722024010709930000414;000004;1;000013;065722024010709930000414000004
065722024010709930000414;000005;1;000012;065722024010709930000414000005
065722024010709930000414;000006;1;000011;065722024010709930000414000006
065722024010709930000414;000007;1;000010;065722024010709930000414000007
065722024010709930000414;000008;1;000009;065722024010709930000414000008
065722024010709930000303;000001;1;000004;065722024010709930000303000001
065722024010709930000303;000002;1;000003;065722024010709930000303000002
065722024010709930000373;000002;1;000006;065722024010709930000373000002
065722024010709930000373;000003;1;000008;065722024010709930000373000003
065722024011309930000274;000001;1;000002;065722024011309930000274000001
065722024010909930000247;000001;1;000002;065722024010909930000247000001
065722024013509930000566;000004;1;000005;065722024013509930000566000004
065722024004909930000381;000004;1;000010;065722024004909930000381000004
065722024004909930000381;000006;1;000007;065722024004909930000381000006
065722024014109930000079;000071;1;000073;065722024014109930000079000071
065722024014109930000079;000072;1;000075;065722024014109930000079000072
065722024005209930000104;000005;1;000006;065722024005209930000104000005
065722024004609930000279;000001;1;000002;065722024004609930000279000001
065722024001809930000250;000001;1;000002;065722024001809930000250000001
065722024004609930000287;000003;1;000004;065722024004609930000287000003
065722024010909930000381;000005;1;000015;065722024010909930000381000005
065722024010909930000381;000002;1;000012;065722024010909930000381000002
065722024010909930000381;000003;1;000014;065722024010909930000381000003
065722024010909930000381;000004;1;000011;065722024010909930000381000004
065722024010909930000381;000006;1;000013;065722024010909930000381000006
065722024010909930000381;000007;1;000010;065722024010909930000381000007
065722024010909930000381;000008;1;000009;065722024010909930000381000008
065722024002509930000299;000005;1;000006;065722024002509930000299000005
065722024014609930000092;000001;1;000010;065722024014609930000092000001
065722024014609930000092;000002;1;000011;065722024014609930000092000002
065722024014609930000092;000007;1;000012;065722024014609930000092000007
065722024014609930000092;000025;1;000035;065722024014609930000092000025
065722024014609930000092;000033;1;000034;065722024014609930000092000033
065722024014609930000092;000054;1;000056;065722024014609930000092000054
065722024003809930000209;000005;1;000006;065722024003809930000209000005
065722024013609930000182;000001;1;000003;065722024013609930000182000001
065722024005409930000064;000001;1;000002;065722024005409930000064000001
065722024005409930000063;000001;1;000002;065722024005409930000063000001
065722024010709930000427;000003;1;000004;065722024010709930000427000003
065722024001809930000228;000001;1;000002;065722024001809930000228000001
065722024013509930000687;000001;1;000004;065722024013509930000687000001
065722024013509930000687;000002;1;000003;065722024013509930000687000002
065722024004109930000150;000001;1;000002;065722024004109930000150000001
065722024004909930000423;000001;1;000002;065722024004909930000423000001
065722024014509930000237;000052;1;000076;065722024014509930000237000052
065722024014509930000237;000077;1;000090;065722024014509930000237000077
065722024014509930000237;000084;1;000089;065722024014509930000237000084
065722024014509930000237;000085;1;000088;065722024014509930000237000085
065722024014509930000237;000109;1;000133;065722024014509930000237000109
065722024014509930000237;000131;1;000132;065722024014509930000237000131
065722024005409930000089;000002;1;000003;065722024005409930000089000002
065722024004509820000008;000002;1;000003;065722024004509820000008000002
065722024014509930000198;000001;1;000002;065722024014509930000198000001
065722024014509930000198;000003;1;000004;065722024014509930000198000003
065722024011309930000361;000005;1;000006;065722024011309930000361000005
065722024011309930000361;000007;1;000009;065722024011309930000361000007
065722024002109820000051;000001;1;000002;065722024002109820000051000001
065722024002909820000033;000002;1;000003;065722024002909820000033000002
065722024014709930000471;000005;1;000006;065722024014709930000471000005
065722024010909930000385;000001;1;000002;065722024010909930000385000001
065722024012109930000020;000001;1;000004;065722024012109930000020000001
065722024012109930000020;000002;1;000003;065722024012109930000020000002
065722024011409930000231;000001;1;000004;065722024011409930000231000001
065722024011409930000231;000002;1;000003;065722024011409930000231000002
065722024000809930000232;000001;1;000004;065722024000809930000232000001
065722024000809930000232;000002;1;000003;065722024000809930000232000002
065722024002409930000285;000001;1;000002;065722024002409930000285000001
065722024014509930000199;000001;1;000004;065722024014509930000199000001
065722024014509930000199;000002;1;000003;065722024014509930000199000002
065722024005809930000206;000006;1;000008;065722024005809930000206000006
065722024005809930000206;000049;1;000051;065722024005809930000206000049
065722024005809930000206;000050;1;000052;065722024005809930000206000050
065722024013509930000736;000002;1;000003;065722024013509930000736000002
065722024004909930000422;000001;1;000008;065722024004909930000422000001
065722024004909930000422;000002;1;000003;065722024004909930000422000002
065722024004909930000422;000004;1;000007;065722024004909930000422000004
065722024004909930000422;000005;1;000006;065722024004909930000422000005
065722024004909930000421;000001;1;000006;065722024004909930000421000001
065722024004909930000421;000002;1;000003;065722024004909930000421000002
065722024002009930000194;000004;1;000005;065722024002009930000194000004
065722024004509930000221;000001;1;000004;065722024004509930000221000001
065722024004509930000221;000013;1;000015;065722024004509930000221000013
065722024004509930000221;000018;1;000020;065722024004509930000221000018
065722024004509930000222;000008;1;000009;065722024004509930000222000008
065722024000109930000129;000001;1;000003;065722024000109930000129000001
065722024012809930000014;000001;1;000013;065722024012809930000014000001
065722024006209930000257;000002;1;000004;065722024006209930000257000002
065722024004609930000304;000002;1;000003;065722024004609930000304000002
065722024005409930000079;000002;1;000003;065722024005409930000079000002
065722024005409930000079;000004;1;000005;065722024005409930000079000004
065722024004509820000007;000001;1;000002;065722024004509820000007000001
065722024010709930000472;000001;1;000002;065722024010709930000472000001
065722024004509930000212;000005;1;000006;065722024004509930000212000005
065722024005209930000110;000003;1;000005;065722024005209930000110000003
065722024005209930000110;000009;1;000011;065722024005209930000110000009
065722024005209930000110;000010;1;000012;065722024005209930000110000010
065722024010709930000488;000002;1;000003;065722024010709930000488000002
065722024001809930000259;000001;1;000002;065722024001809930000259000001
065722024005509930000085;000001;1;000002;065722024005509930000085000001
065722024010709930000453;000006;1;000007;065722024010709930000453000006
065722024003509930000250;000001;1;000005;065722024003509930000250000001
065722024003509930000250;000002;1;000003;065722024003509930000250000002
065722024003509930000250;000004;1;000010;065722024003509930000250000004
065722024003509930000250;000006;1;000007;065722024003509930000250000006
065722024003509930000250;000008;1;000009;065722024003509930000250000008
065722024003509930000250;000011;1;0000012;065722024003509930000250000011
065722024003509930000250;000013;1;000014;065722024003509930000250000013
065722024011409930000234;000001;1;000002;065722024011409930000234000001
065722024011409930000234;000003;1;000004;065722024011409930000234000003
065722024014109930000090;000001;1;000002;065722024014109930000090000001
065722024010909930000348;000002;1;000005;065722024010909930000348000002
065722024010909930000348;000003;1;000004;065722024010909930000348000003
065722024013609930000217;000002;1;000003;065722024013609930000217000002
065722024001809930000233;000001;1;000002;065722024001809930000233000001
065722024001809930000233;000006;1;000007;065722024001809930000233000006
065722024004609930000294;000001;1;000002;065722024004609930000294000001
065722024010909930000389;000001;1;000002;065722024010909930000389000001
065722024010909930000389;000006;1;000007;065722024010909930000389000006
065722024013609930000219;000001;1;000002;065722024013609930000219000001
065722024005409930000065;000003;1;000004;065722024005409930000065000003
065722024011309930000382;000001;1;000002;065722024011309930000382000001
065722024011309930000381;000001;1;000002;065722024011309930000381000001
065722024013509930000367;000005;1;000006;065722024013509930000367000005
065722024004509930000132;000006;1;000007;065722024004509930000132000006
065722024004509930000133;000006;1;000007;065722024004509930000133000006
065722024004509930000134;000006;1;000007;065722024004509930000134000006
065722024003509930000140;000001;1;000002;065722024003509930000140000001
065722024003509930000140;000004;1;000005;065722024003509930000140000004
065722024011409930000115;000004;1;000007;065722024011409930000115000004
065722024011409930000115;000005;1;000006;065722024011409930000115000005
065722024013509930000669;000005;1;000006;065722024013509930000669000005
065722024013509930000669;000008;1;000009;065722024013509930000669000008
065722024004609930000112;000004;1;000007;065722024004609930000112000004
065722024004609930000112;000005;1;000006;065722024004609930000112000005
065722024002409930000173;000020;1;000024;065722024002409930000173000020
065722024000109930000074;000005;1;000006;065722024000109930000074000005
065722024013809930000103;000002;1;000003;065722024013809930000103000002
065722024001809930000132;000001;1;000004;065722024001809930000132000001
065722024001809930000132;000002;1;000003;065722024001809930000132000002
065722024013509930000410;000001;1;000002;065722024013509930000410000001
065722024011409930000123;000004;1;000005;065722024011409930000123000004
065722024011409930000123;000011;1;000012;065722024011409930000123000011
065722024013509930000423;000003;1;000004;065722024013509930000423000003
065722024013509930000423;000006;1;000009;065722024013509930000423000006
065722024013509930000423;000007;1;000008;065722024013509930000423000007
065722024013509930000423;000011;1;000013;065722024013509930000423000011
065722024004509930000150;000006;1;000007;065722024004509930000150000006
065722024005509930000061;000007;1;000008;065722024005509930000061000007
065722024000709930000180;000006;1;000007;065722024000709930000180000006
065722024000709930000183;000006;1;000007;065722024000709930000183000006
065722024001909930000123;000005;1;000006;065722024001909930000123000005
065722024013509930000440;000002;1;000003;065722024013509930000440000002
065722024006209930000190;000001;1;000022;065722024006209930000190000001
065722024006209930000190;000002;1;000023;065722024006209930000190000002
065722024006209930000190;000003;1;000025;065722024006209930000190000003
065722024006209930000190;000004;1;000027;065722024006209930000190000004
065722024006209930000190;000005;1;000029;065722024006209930000190000005
065722024006209930000190;000006;1;000031;065722024006209930000190000006
065722024006209930000190;000008;1;000016;065722024006209930000190000008
065722024006209930000190;000009;1;000017;065722024006209930000190000009
065722024006209930000190;000010;1;000015;065722024006209930000190000010
065722024006209930000190;000011;1;000014;065722024006209930000190000011
065722024006209930000190;000012;1;000013;065722024006209930000190000012
065722024006209930000190;000021;1;000024;065722024006209930000190000021
065722024006209930000190;000020;1;000026;065722024006209930000190000020
065722024006209930000190;000019;1;000028;065722024006209930000190000019
065722024006209930000190;000018;1;000030;065722024006209930000190000018
065722024006209930000190;000040;1;000044;065722024006209930000190000040
065722024006209930000190;000042;1;000046;065722024006209930000190000042
065722024006209930000190;000063;1;000064;065722024006209930000190000063
065722024006209930000190;000062;1;000068;065722024006209930000190000062
065722024006209930000190;000061;1;000070;065722024006209930000190000061
065722024006209930000190;000060;1;000072;065722024006209930000190000060
065722024006209930000190;000059;1;000078;065722024006209930000190000059
065722024006209930000190;000058;1;000066;065722024006209930000190000058
065722024006209930000190;000067;1;000074;065722024006209930000190000067
065722024006209930000190;000071;1;000076;065722024006209930000190000071
065722024006209930000190;000085;1;000090;065722024006209930000190000085
065722024006209930000190;000084;1;000092;065722024006209930000190000084
065722024006209930000190;000083;1;000094;065722024006209930000190000083
065722024006209930000190;000082;1;000096;065722024006209930000190000082
065722024006209930000190;000081;1;000086;065722024006209930000190000081
065722024006209930000190;000080;1;000088;065722024006209930000190000080
065722024006209930000190;000103;1;000108;065722024006209930000190000103
065722024006209930000190;000102;1;000110;065722024006209930000190000102
065722024006209930000190;000101;1;000112;065722024006209930000190000101
065722024006209930000190;000100;1;000114;065722024006209930000190000100
065722024006209930000190;000099;1;000104;065722024006209930000190000099
065722024006209930000190;000098;1;000106;065722024006209930000190000098
065722024006209930000190;000105;1;000119;065722024006209930000190000105
065722024006209930000190;000107;1;000116;065722024006209930000190000107
065722024006209930000190;000109;1;000120;065722024006209930000190000109
065722024006209930000190;000111;1;000117;065722024006209930000190000111
065722024006209930000190;000113;1;000121;065722024006209930000190000113
065722024006209930000190;000115;1;000118;065722024006209930000190000115
065722024013809820000010;000001;1;000002;065722024013809820000010000001
065722024013809820000010;000003;1;000004;065722024013809820000010000003
065722024013809820000010;000006;1;000007;065722024013809820000010000006
065722024014709930000206;000007;1;000008;065722024014709930000206000007
065722024005609930000075;000003;1;000004;065722024005609930000075000003
065722024002109820000040;000001;1;000006;065722024002109820000040000001
065722024002109820000040;000002;1;000005;065722024002109820000040000002
065722024002109820000040;000003;1;000004;065722024002109820000040000003
065722024010909930000236;000006;1;000007;065722024010909930000236000006
065722024004509930000162;000003;1;000006;065722024004509930000162000003
065722024004509930000162;000004;1;000005;065722024004509930000162000004
065722024001809930000136;000003;1;000004;065722024001809930000136000003
065722024001809930000136;000008;1;000009;065722024001809930000136000008
065722024005209930000079;000008;1;000009;065722024005209930000079000008
065722024005509930000054;000006;1;000010;065722024005509930000054000006
065722024005509930000054;000007;1;000009;065722024005509930000054000007
065722024005509930000054;000011;1;000014;065722024005509930000054000011
065722024005509930000054;000012;1;000013;065722024005509930000054000012
065722024005509930000057;000003;1;000004;065722024005509930000057000003
065722024013809930000145;000007;1;000008;065722024013809930000145000007
065722024001809930000150;000019;1;000020;065722024001809930000150000019
065722024005209930000087;000005;1;000006;065722024005209930000087000005
065722024001909930000133;000003;1;000006;065722024001909930000133000003
065722024001909930000133;000004;1;000005;065722024001909930000133000004
065722024010909820000006;000001;1;000002;065722024010909820000006000001
065722024014409930000193;000002;1;000003;065722024014409930000193000002
065722024013509930000810;000001;1;000004;065722024013509930000810000001
065722024013509930000810;000007;1;000009;065722024013509930000810000007
065722024004109930000169;000001;1;000002;065722024004109930000169000001
065722024004109930000169;000003;1;000004;065722024004109930000169000003
065722024001009930000238;000001;1;000002;065722024001009930000238000001
065722024010909930000399;000003;1;000004;065722024010909930000399000003
065722024013509930000773;000001;1;000003;065722024013509930000773000001
065722024010709930000481;000005;1;000006;065722024010709930000481000005
065722024014709930000321;000003;1;000004;065722024014709930000321000003
065722024002009930000245;000002;1;000003;065722024002009930000245000002
065722024002009930000253;000001;1;000002;065722024002009930000253000001
065722024002009930000251;000001;1;000002;065722024002009930000251000001
065722024002009930000249;000002;1;000003;065722024002009930000249000002
065722024013809930000227;000001;1;000002;065722024013809930000227000001
065722024013809930000227;000004;1;000005;065722024013809930000227000004
065722024011309930000430;000002;1;000003;065722024011309930000430000002
065722024003509930000251;000001;1;000002;065722024003509930000251000001
065722024003509930000251;000004;1;000005;065722024003509930000251000004
065722024014209930000228;000013;1;000029;065722024014209930000228000013
065722024014209930000228;000021;1;000028;065722024014209930000228000021
065722024014209930000228;000024;1;000027;065722024014209930000228000024
065722024014209930000228;000023;1;000026;065722024014209930000228000023
065722024010409930000020;000001;1;000002;065722024010409930000020000001
065722024010409930000020;000007;1;000008;065722024010409930000020000007
065722024006309930000118;000001;1;000002;065722024006309930000118000001
065722024006309930000118;000003;1;000004;065722024006309930000118000003
065722024004509930000240;000001;1;000002;065722024004509930000240000001
065722024004509930000240;000003;1;000005;065722024004509930000240000003
065722024004609930000409;000001;1;000002;065722024004609930000409000001
065722024014109930000096;000003;1;000004;065722024014109930000096000003
065722024004509930000301;000001;1;000002;065722024004509930000301000001
065722024010909930000370;000025;1;000026;065722024010909930000370000025
065722024006209930000350;000001;1;000002;065722024006209930000350000001
065722024006209930000350;000005;1;000008;065722024006209930000350000005
065722024006209930000350;000006;1;000007;065722024006209930000350000006
065722024013509930000838;000007;1;000009;065722024013509930000838000007
065722024013509930000838;000008;1;000010;065722024013509930000838000008
065722024014409930000301;000005;1;000006;065722024014409930000301000005
065722024014409930000301;000007;1;000008;065722024014409930000301000007
065722024014409930000301;000010;1;000011;065722024014409930000301000010
065722024000109930000146;000001;1;000005;065722024000109930000146000001
065722024000109930000146;000003;1;000004;065722024000109930000146000003
065722024001509930000177;000006;1;000009;065722024001509930000177000006
065722024001509930000177;000013;1;000015;065722024001509930000177000013
065722024004109930000174;000002;1;000003;065722024004109930000174000002
065722024004109930000173;000002;1;000003;065722024004109930000173000002
065722024001009930000252;000001;1;000002;065722024001009930000252000001
065722024006209930000336;000005;1;000006;065722024006209930000336000005
065722024004609930000374;000004;1;000005;065722024004609930000374000004
065722024013509930000858;000003;1;000004;065722024013509930000858000003
065722024013509930000858;000005;1;000006;065722024013509930000858000005
065722024002409820000034;000001;1;000002;065722024002409820000034000001
065722024002409820000034;000006;1;000007;065722024002409820000034000006
065722024006809930000183;000003;1;000004;065722024006809930000183000003
065722024004609930000327;000001;1;000002;065722024004609930000327000001
065722024014109930000112;000003;1;000004;065722024014109930000112000003
065722024011409930000261;000002;1;000003;065722024011409930000261000002
065722024013509930000819;000002;1;000003;065722024013509930000819000002
065722024002009930000287;000006;1;000007;065722024002009930000287000006
065722024014309930000119;000001;1;000002;065722024014309930000119000001
065722024010909930000446;000005;1;000006;065722024010909930000446000005
065722024005209820000002;000001;1;000004;065722024005209820000002000001
065722024005209820000002;000002;1;000003;065722024005209820000002000002
065722024001909930000229;000001;1;000002;065722024001909930000229000001
065722024001909930000229;000004;1;000005;065722024001909930000229000004
065722024001909930000229;000009;1;000010;065722024001909930000229000009
065722024013609930000230;000004;1;000005;065722024013609930000230000004
065722024010709930000606;000001;1;000004;065722024010709930000606000001
065722024010709930000606;000002;1;000003;065722024010709930000606000002
065722024014609930000099;000001;1;000002;065722024014609930000099000001
065722024003509930000258;000003;1;000004;065722024003509930000258000003
065722024004509930000245;000001;1;000002;065722024004509930000245000001
065722024002709930000172;000001;1;000002;065722024002709930000172000001
065722024004209930000183;000001;1;000002;065722024004209930000183000001
065722024004509930000260;000001;1;000002;065722024004509930000260000001
065722024000709930000284;000002;1;000003;065722024000709930000284000002
065722024005809820000064;000001;1;000002;065722024005809820000064000001
065722024010709930000604;000001;1;000002;065722024010709930000604000001
065722024014209930000247;000004;1;000005;065722024014209930000247000004
065722024010709930000520;000001;1;000002;065722024010709930000520000001
065722024002109930000280;000004;1;000005;065722024002109930000280000004
065722024013509930000826;000001;1;000002;065722024013509930000826000001
065722024013509930000827;000002;1;000003;065722024013509930000827000002
065722024010709930000527;000004;1;000007;065722024010709930000527000004
065722024010709930000527;000005;1;000006;065722024010709930000527000005
065722024003509930000276;000001;1;000002;065722024003509930000276000001
065722024003509930000276;000005;1;000006;065722024003509930000276000005
065722024003509930000276;000007;1;000010;065722024003509930000276000007
065722024003509930000276;000008;1;000009;065722024003509930000276000008
065722024003509930000276;000012;1;000013;065722024003509930000276000012
065722024013509930000915;000001;1;000002;065722024013509930000915000001
065722024014409930000340;000001;1;000002;065722024014409930000340000001
065722024002509930000347;000002;1;000003;065722024002509930000347000002
065722024014509930000258;000003;1;000004;065722024014509930000258000003
065722024014709930000445;000006;1;000007;065722024014709930000445000006
065722024014709930000372;000005;1;000006;065722024014709930000372000005
065722024014509930000322;000003;1;000004;065722024014509930000322000003
065722024003509930000270;000001;1;000002;065722024003509930000270000001
065722024013609930000231;000002;1;000003;065722024013609930000231000002
065722024005809930000254;000007;1;000009;065722024005809930000254000007
065722024005809930000254;000011;1;000013;065722024005809930000254000011
065722024010909930000432;000005;1;000006;065722024010909930000432000005
065722024014009820000006;000006;1;000007;065722024014009820000006000006
065722024004609930000347;000001;1;000002;065722024004609930000347000001
065722024012409930000004;000003;1;000004;065722024012409930000004000003
065722024012409930000004;000005;1;000006;065722024012409930000004000005
065722024014509930000245;000002;1;000004;065722024014509930000245000002
065722024014509930000245;000003;1;000005;065722024014509930000245000003
065722024013509930000916;000001;1;000004;065722024013509930000916000001
065722024013509930000916;000002;1;000003;065722024013509930000916000002
065722024004609930000384;000001;1;000002;065722024004609930000384000001
065722024013509930000881;000003;1;000004;065722024013509930000881000003
065722024014509930000265;000001;1;000002;065722024014509930000265000001
065722024013609820000021;000002;1;000003;065722024013609820000021000002
065722024010709930000534;000001;1;000002;065722024010709930000534000001
065722024010709930000534;000005;1;000006;065722024010709930000534000005
065722024004609930000336;000003;1;000005;065722024004609930000336000003
065722024013809930000208;000003;1;000004;065722024013809930000208000003
065722024013509930000606;000001;1;000002;065722024013509930000606000001
065722024005409930000055;000002;1;000003;065722024005409930000055000002
065722024005409930000055;000004;1;000005;065722024005409930000055000004
065722024004509930000187;000002;1;000050;065722024004509930000187000002
065722024004509930000187;000003;1;000051;065722024004509930000187000003
065722024004509930000187;000004;1;000054;065722024004509930000187000004
065722024004509930000187;000005;1;000101;065722024004509930000187000005
065722024004509930000187;000006;1;000056;065722024004509930000187000006
065722024004509930000187;000007;1;000105;065722024004509930000187000007
065722024004509930000187;000008;1;000106;065722024004509930000187000008
065722024004509930000187;000009;1;000058;065722024004509930000187000009
065722024004509930000187;000010;1;000060;065722024004509930000187000010
065722024004509930000187;000011;1;000062;065722024004509930000187000011
065722024004509930000187;000012;1;000064;065722024004509930000187000012
065722024004509930000187;000013;1;000066;065722024004509930000187000013
065722024004509930000187;000014;1;000068;065722024004509930000187000014
065722024004509930000187;000015;1;000121;065722024004509930000187000015
065722024004509930000187;000016;1;000070;065722024004509930000187000016
065722024004509930000187;000017;1;000072;065722024004509930000187000017
065722024004509930000187;000018;1;000126;065722024004509930000187000018
065722024004509930000187;000019;1;000128;065722024004509930000187000019
065722024004509930000187;000020;1;000074;065722024004509930000187000020
065722024004509930000187;000021;1;000076;065722024004509930000187000021
065722024004509930000187;000022;1;000129;065722024004509930000187000022
065722024004509930000187;000023;1;000078;065722024004509930000187000023
065722024004509930000187;000046;1;000125;065722024004509930000187000046
065722024004509930000187;000024;1;000080;065722024004509930000187000024
065722024004509930000187;000025;1;000104;065722024004509930000187000025
065722024004509930000187;000026;1;000107;065722024004509930000187000026
065722024004509930000187;000027;1;000082;065722024004509930000187000027
065722024004509930000187;000028;1;000111;065722024004509930000187000028
065722024004509930000187;000029;1;000112;065722024004509930000187000029
065722024004509930000187;000030;1;000084;065722024004509930000187000030
065722024004509930000187;000031;1;000117;065722024004509930000187000031
065722024004509930000187;000032;1;000086;065722024004509930000187000032
065722024004509930000187;000033;1;000088;065722024004509930000187000033
065722024004509930000187;000034;1;000120;065722024004509930000187000034
065722024004509930000187;000035;1;000123;065722024004509930000187000035
065722024004509930000187;000036;1;000115;065722024004509930000187000036
065722024004509930000187;000037;1;000090;065722024004509930000187000037
065722024004509930000187;000038;1;000092;065722024004509930000187000038
065722024004509930000187;000039;1;000134;065722024004509930000187000039
065722024004509930000187;000040;1;000135;065722024004509930000187000040
065722024004509930000187;000041;1;000136;065722024004509930000187000041
065722024004509930000187;000042;1;000137;065722024004509930000187000042
065722024004509930000187;000043;1;000140;065722024004509930000187000043
065722024004509930000187;000044;1;000094;065722024004509930000187000044
065722024004509930000187;000045;1;000047;065722024004509930000187000045
065722024004509930000187;000048;1;000138;065722024004509930000187000048
065722024004509930000187;000049;1;000139;065722024004509930000187000049
065722024004509930000187;000052;1;000096;065722024004509930000187000052
065722024004509930000187;000053;1;000098;065722024004509930000187000053
065722024004509930000187;000055;1;000100;065722024004509930000187000055
065722024004509930000187;000057;1;000103;065722024004509930000187000057
065722024004509930000187;000059;1;000108;065722024004509930000187000059
065722024004509930000187;000061;1;000110;065722024004509930000187000061
065722024004509930000187;000063;1;000113;065722024004509930000187000063
065722024004509930000187;000065;1;000114;065722024004509930000187000065
065722024004509930000187;000067;1;000097;065722024004509930000187000067
065722024004509930000187;000069;1;000099;065722024004509930000187000069
065722024004509930000187;000071;1;000122;065722024004509930000187000071
065722024004509930000187;000073;1;000124;065722024004509930000187000073
065722024004509930000187;000075;1;000130;065722024004509930000187000075
065722024004509930000187;000077;1;000131;065722024004509930000187000077
065722024004509930000187;000079;1;000127;065722024004509930000187000079
065722024004509930000187;000081;1;000102;065722024004509930000187000081
065722024004509930000187;000083;1;000109;065722024004509930000187000083
065722024004509930000187;000085;1;000116;065722024004509930000187000085
065722024004509930000187;000087;1;000118;065722024004509930000187000087
065722024004509930000187;000089;1;000119;065722024004509930000187000089
065722024004509930000187;000091;1;000132;065722024004509930000187000091
065722024004509930000187;000093;1;000133;065722024004509930000187000093
065722024004509930000187;000095;1;000141;065722024004509930000187000095
065722024004509930000187;000200;1;000202;065722024004509930000187000200
065722024004509930000187;000209;1;000211;065722024004509930000187000209
065722024004509930000187;000334;1;000335;065722024004509930000187000334
065722024004509930000187;000359;1;000361;065722024004509930000187000359
065722024004509930000187;000399;1;000400;065722024004509930000187000399
065722024014109930000074;000001;1;000002;065722024014109930000074000001
065722024013509930000620;000002;1;000003;065722024013509930000620000002
065722024014709930000260;000001;1;000002;065722024014709930000260000001
065722024002509930000233;000002;1;000003;065722024002509930000233000002
065722024006809930000144;000001;1;000002;065722024006809930000144000001
065722024001809930000215;000006;1;000007;065722024001809930000215000006
065722024013509930000633;000001;1;000004;065722024013509930000633000001
065722024013509930000633;000002;1;000003;065722024013509930000633000002
065722024004909930000370;000001;1;000002;065722024004909930000370000001
065722024004909930000370;000010;1;000011;065722024004909930000370000010
065722024004909930000370;000009;1;000012;065722024004909930000370000009
065722024014109930000077;000001;1;000004;065722024014109930000077000001
065722024014109930000077;000002;1;000003;065722024014109930000077000002
065722024014109930000077;000006;1;000009;065722024014109930000077000006
065722024014109930000077;000007;1;000008;065722024014109930000077000007
065722024005809930000174;000006;1;000007;065722024005809930000174000006
065722024001809930000224;000003;1;000004;065722024001809930000224000003
065722024014009930000165;000004;1;000005;065722024014009930000165000004
065722024014009930000165;000008;1;000009;065722024014009930000165000008
065722024014009930000165;000011;1;000012;065722024014009930000165000011
065722024014009930000165;000013;1;000014;065722024014009930000165000013
065722024010909930000324;000002;1;000003;065722024010909930000324000002
065722024001809930000220;000001;1;000002;065722024001809930000220000001
065722024010909930000319;000001;1;000002;065722024010909930000319000001
065722024003809930000241;000003;1;000004;065722024003809930000241000003
065722024003809930000241;000005;1;000006;065722024003809930000241000005
065722024003809930000241;000008;1;000009;065722024003809930000241000008
065722024013509930000661;000001;1;000002;065722024013509930000661000001
065722024001909930000181;000008;1;000009;065722024001909930000181000008
065722024011309930000360;000002;1;000003;065722024011309930000360000002
065722024014209930000186;000017;1;000032;065722024014209930000186000017
065722024014209930000186;000027;1;000030;065722024014209930000186000027
065722024014209930000186;000026;1;000036;065722024014209930000186000026
065722024014209930000186;000025;1;000031;065722024014209930000186000025
065722024014209930000186;000024;1;000035;065722024014209930000186000024
065722024014209930000186;000023;1;000038;065722024014209930000186000023
065722024014209930000186;000022;1;000037;065722024014209930000186000022
065722024014209930000186;000021;1;000033;065722024014209930000186000021
065722024014209930000186;000020;1;000034;065722024014209930000186000020
065722024014209930000186;000028;1;000029;065722024014209930000186000028
065722024002909930000153;000005;1;000006;065722024002909930000153000005
065722024004209930000158;000001;1;000002;065722024004209930000158000001
065722024013809930000217;000001;1;000004;065722024013809930000217000001
065722024013809930000217;000002;1;000003;065722024013809930000217000002
065722024013509930000698;000001;1;000002;065722024013509930000698000001
065722024013509930000712;000005;1;000006;065722024013509930000712000005
065722024005409930000076;000001;1;000009;065722024005409930000076000001
065722024005409930000076;000002;1;000011;065722024005409930000076000002
065722024005409930000076;000003;1;000013;065722024005409930000076000003
065722024005409930000076;000004;1;000015;065722024005409930000076000004
065722024005409930000076;000005;1;000017;065722024005409930000076000005
065722024005409930000076;000006;1;000019;065722024005409930000076000006
065722024005409930000076;000007;1;000021;065722024005409930000076000007
065722024005409930000076;000024;1;000035;065722024005409930000076000024
065722024005409930000076;000025;1;000037;065722024005409930000076000025
065722024005409930000076;000029;1;000033;065722024005409930000076000029
065722024005409930000076;000027;1;000031;065722024005409930000076000027
065722024005409930000098;000001;1;000002;065722024005409930000098000001
065722024002009930000210;000002;1;000003;065722024002009930000210000002
065722024001009820000038;000001;1;000002;065722024001009820000038000001
065722024001009820000038;000006;1;000007;065722024001009820000038000006
065722024001009820000038;000009;1;000010;065722024001009820000038000009
065722024003709930000189;000001;1;000002;065722024003709930000189000001
065722024001509930000175;000002;1;000003;065722024001509930000175000002
065722024013509930000896;000001;1;000005;065722024013509930000896000001
065722024013509930000896;000014;1;000015;065722024013509930000896000014
065722024013509930000896;000013;1;000016;065722024013509930000896000013
065722024013509930000896;000012;1;000017;065722024013509930000896000012
065722024014209820000023;000002;1;000003;065722024014209820000023000002
065722024004109930000213;000003;1;000004;065722024004109930000213000003
065722024010909930000469;000001;1;000008;065722024010909930000469000001
065722024010909930000469;000002;1;000003;065722024010909930000469000002
065722024010909930000469;000004;1;000007;065722024010909930000469000004
065722024010909930000469;000005;1;000006;065722024010909930000469000005
065722024004509930000296;000001;1;000002;065722024004509930000296000001
065722024004509930000296;000005;1;000006;065722024004509930000296000005
065722024004509930000296;000007;1;000008;065722024004509930000296000007
065722024014709930000391;000007;1;000008;065722024014709930000391000007
065722024014709930000391;000005;1;000009;065722024014709930000391000005
065722024005709930000117;000001;1;000002;065722024005709930000117000001
065722024005709930000117;000003;1;000004;065722024005709930000117000003
065722024003509930000295;000002;1;000003;065722024003509930000295000002
065722024006809930000218;000001;1;000006;065722024006809930000218000001
065722024006809930000218;000002;1;000005;065722024006809930000218000002
065722024006809930000218;000003;1;000004;065722024006809930000218000003
065722024004509930000365;000001;1;000009;065722024004509930000365000001
065722024004509930000365;000002;1;000010;065722024004509930000365000002
065722024004509930000365;000003;1;000011;065722024004509930000365000003
065722024004509930000365;000004;1;000012;065722024004509930000365000004
065722024014009930000249;000007;1;000008;065722024014009930000249000007
065722024002509930000390;000002;1;000003;065722024002509930000390000002
065722024002509930000390;000004;1;000005;065722024002509930000390000004
065722024011309930000554;000001;1;000002;065722024011309930000554000001
065722024011309930000554;000003;1;000004;065722024011309930000554000003
065722024004209930000220;000009;1;000012;065722024004209930000220000009
065722024014409930000338;000001;1;000002;065722024014409930000338000001
065722024010709930000638;000001;1;000002;065722024010709930000638000001
065722024010709930000638;000005;1;000006;065722024010709930000638000005
065722024004109930000214;000004;1;000005;065722024004109930000214000004
065722024004109930000214;000003;1;000008;065722024004109930000214000003
065722024011309930000562;000001;1;000002;065722024011309930000562000001
065722024010909930000488;000001;1;000002;065722024010909930000488000001
065722024010709930000668;000001;1;000002;065722024010709930000668000001
065722024002009930000336;000002;1;000005;065722024002009930000336000002
065722024002009930000336;000003;1;000004;065722024002009930000336000003
065722024002009930000336;000008;1;000009;065722024002009930000336000008
065722024002009930000338;000002;1;000003;065722024002009930000338000002
065722024002009930000338;000006;1;000007;065722024002009930000338000006
065722024011309930000577;000004;1;000005;065722024011309930000577000004
065722024011309930000576;000001;1;000002;065722024011309930000576000001
065722024011309930000576;000004;1;000005;065722024011309930000576000004
065722024002509930000399;000001;1;000003;065722024002509930000399000001
065722024002509930000399;000007;1;000009;065722024002509930000399000007
065722024002509930000399;000008;1;000011;065722024002509930000399000008
065722024002509930000399;000010;1;000013;065722024002509930000399000010
065722024000709930000302;000001;1;000003;065722024000709930000302000001
065722024010709930000680;000002;1;000003;065722024010709930000680000002
065722024004909930000672;000001;1;000002;065722024004909930000672000001
065722024014509930000285;000003;1;000004;065722024014509930000285000003
065722024014509930000301;000001;1;000002;065722024014509930000301000001
065722024014509930000301;000003;1;000004;065722024014509930000301000003
065722024004209930000223;000001;1;000002;065722024004209930000223000001
065722024002709930000179;000004;1;000007;065722024002709930000179000004
065722024002709930000179;000005;1;000006;065722024002709930000179000005
065722024002709930000179;000008;1;000011;065722024002709930000179000008
065722024002709930000179;000009;1;000010;065722024002709930000179000009
065722024004909930000671;000001;1;000002;065722024004909930000671000001
065722024013609930000281;000004;1;000005;065722024013609930000281000004
065722024004909930000649;000003;1;000004;065722024004909930000649000003
065722024004909930000649;000006;1;000007;065722024004909930000649000006
065722024004509930000311;000001;1;000002;065722024004509930000311000001
065722024004509930000311;000004;1;000005;065722024004509930000311000004
065722024006309930000147;000001;1;000002;065722024006309930000147000001
065722024014509930000321;000007;1;000009;065722024014509930000321000007
065722024002409930000389;000001;1;000002;065722024002409930000389000001
065722024005209930000139;000004;1;000005;065722024005209930000139000004
065722024011309930000603;000001;1;000002;065722024011309930000603000001
065722024011409930000354;000001;1;000002;065722024011409930000354000001
065722024000709930000320;000001;1;000002;065722024000709930000320000001
065722024012809930000024;000001;1;000002;065722024012809930000024000001
065722024013509930001077;000001;1;000002;065722024013509930001077000001
065722024014109820000001;000001;1;000005;065722024014109820000001000001
065722024014109820000001;000002;1;000006;065722024014109820000001000002
065722024014109820000001;000003;1;000007;065722024014109820000001000003
065722024014109820000001;000004;1;000008;065722024014109820000001000004
065722024014109820000001;000009;1;000013;065722024014109820000001000009
065722024014109820000001;000010;1;000014;065722024014109820000001000010
065722024014109820000001;000011;1;000018;065722024014109820000001000011
065722024014109820000001;000012;1;000015;065722024014109820000001000012
065722024002709930000137;000009;1;000010;065722024002709930000137000009
065722024011409930000227;000003;1;000004;065722024011409930000227000003
065722024011409930000227;000009;1;000010;065722024011409930000227000009
065722024004509930000218;000001;1;000002;065722024004509930000218000001
065722024004509930000218;000003;1;000004;065722024004509930000218000003
065722024004509930000218;000006;1;000009;065722024004509930000218000006
065722024004509930000218;000016;1;000019;065722024004509930000218000016
065722024004509930000218;000017;1;000018;065722024004509930000218000017
065722024011309930000414;000003;1;000004;065722024011309930000414000003
065722024001809930000349;000001;1;000002;065722024001809930000349000001
065722024001809930000349;000003;1;000006;065722024001809930000349000003
065722024001809930000349;000004;1;000005;065722024001809930000349000004
065722024001809930000349;000007;1;000010;065722024001809930000349000007
065722024001809930000349;000008;1;000009;065722024001809930000349000008
065722024013509930000762;000010;1;000011;065722024013509930000762000010
065722024013509930000762;000009;1;000012;065722024013509930000762000009
065722024011309930000426;000001;1;000002;065722024011309930000426000001
065722024002709930000146;000009;1;000012;065722024002709930000146000009
065722024002709930000146;000010;1;000013;065722024002709930000146000010
065722024002709930000146;000011;1;000014;065722024002709930000146000011
065722024002709930000146;000025;1;000027;065722024002709930000146000025
065722024002709930000146;000024;1;000028;065722024002709930000146000024
065722024002709930000146;000026;1;000030;065722024002709930000146000026
065722024006209930000295;000002;1;000003;065722024006209930000295000002
065722024011409930000244;000002;1;000003;065722024011409930000244000002
065722024011409930000244;000006;1;000007;065722024011409930000244000006
065722024011409930000244;000008;1;000009;065722024011409930000244000008
065722024011309930000443;000003;1;000004;065722024011309930000443000003
065722024013809930000257;000003;1;000004;065722024013809930000257000003
065722024013509930000804;000001;1;000002;065722024013509930000804000001
065722024010909930000406;000008;1;000020;065722024010909930000406000008
065722024010909930000406;000009;1;000018;065722024010909930000406000009
065722024010909930000406;000007;1;000016;065722024010909930000406000007
065722024010909930000406;000010;1;000011;065722024010909930000406000010
065722024010909930000406;000012;1;000015;065722024010909930000406000012
065722024010909930000406;000013;1;000014;065722024010909930000406000013
065722024010909930000406;000017;1;000022;065722024010909930000406000017
065722024005309930000115;000004;1;000005;065722024005309930000115000004
065722024003509930000252;000004;1;000005;065722024003509930000252000004
065722024001909930000225;000002;1;000003;065722024001909930000225000002
065722024001909930000226;000003;1;000004;065722024001909930000226000003
065722024011309930000454;000002;1;000003;065722024011309930000454000002
065722024005409930000099;000003;1;000004;065722024005409930000099000003
065722024012209930000008;000012;1;000013;065722024012209930000008000012
065722024002709930000160;000002;1;000003;065722024002709930000160000002
065722024002109930000255;000005;1;000006;065722024002109930000255000005
065722024002109930000255;000008;1;000009;065722024002109930000255000008
065722024002109930000255;000010;1;000011;065722024002109930000255000010
065722024002109930000255;000012;1;000015;065722024002109930000255000012
065722024002109930000255;000013;1;000014;065722024002109930000255000013
065722024002109930000255;000018;1;000019;065722024002109930000255000018
065722024013509930000853;000001;1;000002;065722024013509930000853000001
065722024006809930000188;000006;1;000007;065722024006809930000188000006
065722024013609930000243;000008;1;000009;065722024013609930000243000008
065722024004909930000543;000001;1;000002;065722024004909930000543000001
065722024004909930000544;000001;1;000002;065722024004909930000544000001
065722024004909930000550;000001;1;000002;065722024004909930000550000001
065722024010709930000550;000001;1;000002;065722024010709930000550000001
065722024013709930000074;000001;1;000002;065722024013709930000074000001
065722024012809930000018;000002;1;000004;065722024012809930000018000002
065722024012809930000018;000003;1;000005;065722024012809930000018000003
065722024012809930000019;000004;1;000005;065722024012809930000019000004
065722024005609930000154;000003;1;000004;065722024005609930000154000003
065722024005609930000155;000001;1;000004;065722024005609930000155000001
065722024005609930000155;000002;1;000003;065722024005609930000155000002
065722024005609930000155;000006;1;000007;065722024005609930000155000006
065722024013609930000295;000001;1;000002;065722024013609930000295000001
065722024005609930000235;000008;1;000020;065722024005609930000235000008
065722024005609930000235;000010;1;000011;065722024005609930000235000010
065722024004509930000320;000003;1;000004;065722024004509930000320000003
065722024003509930000327;000001;1;000003;065722024003509930000327000001
065722024003509930000327;000006;1;000009;065722024003509930000327000006
065722024003509930000327;000005;1;000007;065722024003509930000327000005
065722024011409930000364;000002;1;000003;065722024011409930000364000002
065722024010909930000541;000003;1;000004;065722024010909930000541000003
065722024011309930000628;000002;1;000004;065722024011309930000628000002
065722024011309930000628;000006;1;000009;065722024011309930000628000006
065722024013609930000299;000004;1;000005;065722024013609930000299000004
065722024013609930000299;000003;1;000006;065722024013609930000299000003
065722024003509820000026;000001;1;000004;065722024003509820000026000001
065722024001009930000304;000001;1;000002;065722024001009930000304000001
065722024004609930000335;000003;1;000015;065722024004609930000335000003
065722024004609930000335;000004;1;000018;065722024004609930000335000004
065722024004609930000335;000005;1;000014;065722024004609930000335000005
065722024004609930000335;000006;1;000017;065722024004609930000335000006
065722024004609930000335;000007;1;000012;065722024004609930000335000007
065722024004609930000335;000008;1;000016;065722024004609930000335000008
065722024004609930000335;000009;1;000011;065722024004609930000335000009
065722024004609930000335;000010;1;000013;065722024004609930000335000010
065722024014209930000299;000003;1;000004;065722024014209930000299000003
065722024004609930000349;000001;1;000002;065722024004609930000349000001
065722024014609930000113;000005;1;000006;065722024014609930000113000005
065722024006809930000260;000001;1;000002;065722024006809930000260000001
065722024000709930000353;000004;1;000006;065722024000709930000353000004
065722024000709930000353;000015;1;000016;065722024000709930000353000015
065722024006309930000164;000003;1;000004;065722024006309930000164000003
065722024011309930000667;000002;1;000003;065722024011309930000667000002
065722024011309930000667;000004;1;000005;065722024011309930000667000004
065722024010709930000743;000001;1;000002;065722024010709930000743000001
065722024010709930000743;000004;1;000005;065722024010709930000743000004
065722024003709930000219;000003;1;000004;065722024003709930000219000003
065722024002009930000364;000002;1;000003;065722024002009930000364000002
065722024003509930000338;000002;1;000003;065722024003509930000338000002
065722024003509930000340;000001;1;000002;065722024003509930000340000001
065722025006209930000025;000001;1;000006;065722025006209930000025000001
065722025006209930000025;000002;1;000003;065722025006209930000025000002
065722025006209930000025;000004;1;000005;065722025006209930000025000004
065722024011409930000387;000002;1;000005;065722024011409930000387000002
065722024011409930000387;000003;1;000004;065722024011409930000387000003
065722024005609930000212;000001;1;000003;065722024005609930000212000001
065722024005609930000212;000002;1;000005;065722024005609930000212000002
065722024006809930000264;000001;1;000002;065722024006809930000264000001
065722024000109930000192;000001;1;000002;065722024000109930000192000001
065722024002409820000047;000001;1;000002;065722024002409820000047000001
065722024006809930000298;000002;1;000011;065722024006809930000298000002
065722024006809930000298;000003;1;000008;065722024006809930000298000003
065722024006809930000298;000004;1;000006;065722024006809930000298000004
065722024006809930000298;000005;1;000007;065722024006809930000298000005
065722024006809930000298;000009;1;000010;065722024006809930000298000009
065722024005509930000138;000001;1;000002;065722024005509930000138000001
065722024005509930000138;000003;1;000006;065722024005509930000138000003
065722024005509930000138;000004;1;000005;065722024005509930000138000004
065722024013509930001158;000001;1;000002;065722024013509930001158000001
065722024010909930000575;000002;1;000003;065722024010909930000575000002
065722024014409930000391;000001;1;000002;065722024014409930000391000001
065722024002409930000472;000001;1;000002;065722024002409930000472000001
065722024005209930000147;000002;1;000003;065722024005209930000147000002
065722024000109930000193;000001;1;000004;065722024000109930000193000001
065722024000109930000193;000002;1;000003;065722024000109930000193000002
065722024004609930000527;000002;1;000003;065722024004609930000527000002
065722024004609930000552;000002;1;000003;065722024004609930000552000002
065722024002909820000064;000001;1;000003;065722024002909820000064000001
065722024002909820000064;000002;1;000005;065722024002909820000064000002
065722024002909820000064;000008;1;000011;065722024002909820000064000008
065722024002909820000064;000007;1;000012;065722024002909820000064000007
065722024014609930000116;000063;1;000078;065722024014609930000116000063
065722024014609930000116;000064;1;000067;065722024014609930000116000064
065722024000809930000328;000001;1;000002;065722024000809930000328000001
065722024011309930000548;000002;1;000003;065722024011309930000548000002
065722024004509930000288;000001;1;000010;065722024004509930000288000001
065722024004509930000288;000004;1;000009;065722024004509930000288000004
065722024004509930000288;000002;1;000011;065722024004509930000288000002
065722024004509930000288;000005;1;000008;065722024004509930000288000005
065722024004509930000288;000003;1;000012;065722024004509930000288000003
065722024004509930000288;000006;1;000007;065722024004509930000288000006
065722024006209930000378;000002;1;000003;065722024006209930000378000002
065722024006209930000378;000005;1;000006;065722024006209930000378000005
065722024013509930000941;000007;1;000011;065722024013509930000941000007
065722024013509930000941;000005;1;000009;065722024013509930000941000005
065722024011409930000300;000007;1;000009;065722024011409930000300000007
065722024011409930000300;000008;1;000010;065722024011409930000300000008
065722024011409930000300;000011;1;000014;065722024011409930000300000011
065722024011409930000300;000012;1;000015;065722024011409930000300000012
065722024011409930000300;000013;1;000016;065722024011409930000300000013
065722024010709930000631;000003;1;000006;065722024010709930000631000003
065722024010709930000631;000004;1;000005;065722024010709930000631000004
065722024004909930000610;000001;1;000008;065722024004909930000610000001
065722024004909930000610;000002;1;000009;065722024004909930000610000002
065722024004909930000610;000003;1;000010;065722024004909930000610000003
065722024004909930000610;000004;1;000011;065722024004909930000610000004
065722024004909930000610;000005;1;000012;065722024004909930000610000005
065722024004909930000610;000006;1;000013;065722024004909930000610000006
065722024004909930000610;000007;1;000014;065722024004909930000610000007
065722024005409930000105;000001;1;000002;065722024005409930000105000001
065722024014309930000127;000003;1;000004;065722024014309930000127000003
065722024011409930000317;000004;1;000005;065722024011409930000317000004
065722024011409930000317;000008;1;000009;065722024011409930000317000008
065722024011409930000317;000007;1;000010;065722024011409930000317000007
065722024011409930000317;000011;1;000013;065722024011409930000317000011
065722024011409930000317;000015;1;000017;065722024011409930000317000015
065722024011409930000317;000016;1;000018;065722024011409930000317000016
065722024001909930000271;000001;1;000006;065722024001909930000271000001
065722024001909930000271;000002;1;000005;065722024001909930000271000002
065722024001909930000271;000003;1;000004;065722024001909930000271000003
065722024014409930000343;000003;1;000004;065722024014409930000343000003
065722024002009930000323;000001;1;000003;065722024002009930000323000001
065722024002009930000323;000002;1;000004;065722024002009930000323000002
065722024004609930000378;000003;1;000004;065722024004609930000378000003
065722024000709930000296;000002;1;000003;065722024000709930000296000002
065722024004609930000399;000001;1;000002;065722024004609930000399000001
065722024002009930000331;000003;1;000004;065722024002009930000331000003
065722024010909930000484;000004;1;000005;065722024010909930000484000004
065722024010909930000484;000006;1;000007;065722024010909930000484000006
065722024010909930000484;000008;1;000009;065722024010909930000484000008
065722024010709930000685;000003;1;000004;065722024010709930000685000003
065722024011309930000582;000002;1;000005;065722024011309930000582000002
065722024004509930000308;000004;1;000005;065722024004509930000308000004
065722024011309930000586;000003;1;000006;065722024011309930000586000003
065722024011309930000586;000004;1;000005;065722024011309930000586000004
065722024004609930000422;000001;1;000002;065722024004609930000422000001
065722024004609930000422;000004;1;000005;065722024004609930000422000004
065722024005909930000166;000001;1;000004;065722024005909930000166000001
065722024005909930000166;000002;1;000003;065722024005909930000166000002
065722024011309930000598;000003;1;000004;065722024011309930000598000003
065722024004109930000221;000002;1;000003;065722024004109930000221000002
065722024010909930000506;000002;1;000003;065722024010909930000506000002
065722024002409930000528;000001;1;000002;065722024002409930000528000001
065722024004909930000800;000001;1;000003;065722024004909930000800000001
065722024010709930000820;000001;1;000003;065722024010709930000820000001
065722024010709930000820;000002;1;000005;065722024010709930000820000002
065722024014509930000342;000003;1;000004;065722024014509930000342000003
065722024011309930000722;000001;1;000002;065722024011309930000722000001
065722024013509930001197;000001;1;000002;065722024013509930001197000001
065722024001809930000386;000001;1;000002;065722024001809930000386000001
065722025011909930000022;000022;1;000023;065722025011909930000022000022
065722025011909930000022;000028;1;000029;065722025011909930000022000028
065722024011909930000370;000001;1;000002;065722024011909930000370000001
065722024011909930000255;000001;1;000002;065722024011909930000255000001
065722024011909930000192;000001;1;000002;065722024011909930000192000001
065722024011909930000258;000001;1;000002;065722024011909930000258000001
065722024011909930000085;000001;1;000002;065722024011909930000085000001
065722024011909930000057;000001;1;000002;065722024011909930000057000001
065722024011909930000121;000001;1;000002;065722024011909930000121000001
065722024011909930000250;000002;1;000003;065722024011909930000250000002
065722024011909930000076;000001;1;000002;065722024011909930000076000001
065722024011909930000333;000002;1;000003;065722024011909930000333000002
065722024011909930000327;000002;1;000003;065722024011909930000327000002
065722024011909930000300;000002;1;000003;065722024011909930000300000002
065722025002409820000008;000001;1;000002;065722025002409820000008000001
065722025002409820000009;000001;1;000002;065722025002409820000009000001
065722025002509930000056;000001;1;000002;065722025002509930000056000001
065722025002509930000056;000003;1;000004;065722025002509930000056000003
065722025012809930000003;000001;1;000002;065722025012809930000003000001
065722025013509930000088;000002;1;000003;065722025013509930000088000002
065722025004909930000004;000002;1;000003;065722025004909930000004000002
065722025011409930000027;000001;1;000002;065722025011409930000027000001
065722025002909820000001;000001;1;000006;065722025002909820000001000001
065722025002909820000001;000007;1;000008;065722025002909820000001000007
065722025013509930000096;000002;1;000003;065722025013509930000096000002
065722025002109930000010;000001;1;000002;065722025002109930000010000001
065722025014609930000018;000003;1;000004;065722025014609930000018000003
065722025014209930000006;000001;1;000002;065722025014209930000006000001
065722025014609930000024;000001;1;000004;065722025014609930000024000001
065722025014609930000024;000002;1;000003;065722025014609930000024000002
065722025006309930000001;000001;1;000002;065722025006309930000001000001
065722025013509930000117;000001;1;000004;065722025013509930000117000001
065722025013509930000117;000002;1;000003;065722025013509930000117000002
065722025013509930000126;000001;1;000002;065722025013509930000126000001
065722025010909930000014;000001;1;000002;065722025010909930000014000001
065722025011309930000080;000001;1;000003;065722025011309930000080000001
065722025014009930000044;000001;1;000002;065722025014009930000044000001
065722025004609930000073;000001;1;000003;065722025004609930000073000001
065722025004609930000073;000002;1;000004;065722025004609930000073000002
065722024011409930000349;000002;1;000003;065722024011409930000349000002
065722024005909930000175;000001;1;000006;065722024005909930000175000001
065722024005909930000175;000002;1;000003;065722024005909930000175000002
065722024005909930000175;000004;1;000005;065722024005909930000175000004
065722024011409930000351;000002;1;000003;065722024011409930000351000002
065722024005609930000187;000001;1;000006;065722024005609930000187000001
065722024005609930000187;000002;1;000005;065722024005609930000187000002
065722024005609930000187;000003;1;000004;065722024005609930000187000003
065722024005609930000188;000003;1;000004;065722024005609930000188000003
065722024003509930000318;000002;1;000005;065722024003509930000318000002
065722024003509930000318;000003;1;000004;065722024003509930000318000003
065722024003509930000318;000006;1;000007;065722024003509930000318000006
065722024014409930000367;000001;1;000004;065722024014409930000367000001
065722024014409930000367;000002;1;000003;065722024014409930000367000002
065722024002409930000441;000009;1;000011;065722024002409930000441000009
065722024002409930000441;000013;1;000019;065722024002409930000441000013
065722024002409930000441;000015;1;000018;065722024002409930000441000015
065722024002409930000441;000017;1;000022;065722024002409930000441000017
065722024004609930000491;000003;1;000004;065722024004609930000491000003
065722024004609930000491;000006;1;000007;065722024004609930000491000006
065722024002709930000205;000004;1;000007;065722024002709930000205000004
065722024002709930000205;000003;1;000005;065722024002709930000205000003
065722024004509930000326;000002;1;000003;065722024004509930000326000002
065722024013509930001079;000002;1;000003;065722024013509930001079000002
065722024013509930001079;000005;1;000006;065722024013509930001079000005
065722024004609930000492;000003;1;000004;065722024004609930000492000003
065722024004609930000492;000006;1;000007;065722024004609930000492000006
065722024014709930000470;000003;1;000009;065722024014709930000470000003
065722024014709930000470;000007;1;000008;065722024014709930000470000007
065722024004509930000333;000007;1;000009;065722024004509930000333000007
065722024004509930000333;000016;1;000018;065722024004509930000333000016
065722024004609930000490;000003;1;000004;065722024004609930000490000003
065722024004609930000490;000006;1;000007;065722024004609930000490000006
065722024004909930000707;000006;1;000009;065722024004909930000707000006
065722024004909930000707;000007;1;000011;065722024004909930000707000007
065722024004909930000707;000008;1;000010;065722024004909930000707000008
065722024010909930000558;000003;1;000004;065722024010909930000558000003
065722024010909930000558;000006;1;000007;065722024010909930000558000006
065722024004909930000713;000001;1;000004;065722024004909930000713000001
065722024004909930000713;000002;1;000003;065722024004909930000713000002
065722024004909930000713;000005;1;000008;065722024004909930000713000005
065722024004909930000713;000006;1;000007;065722024004909930000713000006
065722024005409930000129;000003;1;000004;065722024005409930000129000003
065722024004609930000495;000001;1;000002;065722024004609930000495000001
065722024004609930000496;000001;1;000002;065722024004609930000496000001
065722024004609930000497;000001;1;000002;065722024004609930000497000001
065722025003509930000052;000001;1;000002;065722025003509930000052000001
065722025003509930000051;000002;1;000003;065722025003509930000051000002
065722025001909930000020;000002;1;000003;065722025001909930000020000002
065722025000809930000057;000001;1;000002;065722025000809930000057000001
065722025012209930000002;000001;1;000002;065722025012209930000002000001
065722025004909930000151;000002;1;000003;065722025004909930000151000002
065722025001909930000002;000001;1;000002;065722025001909930000002000001
065722025005609820000001;000001;1;000002;065722025005609820000001000001
065722025013509930000139;000001;1;000003;065722025013509930000139000001
065722025013509930000017;000001;1;000002;065722025013509930000017000001
065722025013509930000017;000003;1;000006;065722025013509930000017000003
065722025013509930000017;000004;1;000005;065722025013509930000017000004
065722025013509930000017;000007;1;000010;065722025013509930000017000007
065722025013509930000017;000008;1;000009;065722025013509930000017000008
065722025013509930000138;000002;1;000003;065722025013509930000138000002
065722025013509930000138;000004;1;000005;065722025013509930000138000004
065722025013509930000138;000006;1;000009;065722025013509930000138000006
065722025013509930000138;000007;1;000008;065722025013509930000138000007
065722025013509930000138;000010;1;000013;065722025013509930000138000010
065722025013509930000138;000011;1;000012;065722025013509930000138000011
065722025002509930000065;000001;1;000002;065722025002509930000065000001
065722025013509930000033;000001;1;000002;065722025013509930000033000001
065722025013509930000036;000001;1;000002;065722025013509930000036000001
065722025013509930000045;000001;1;000002;065722025013509930000045000001
065722025013509930000037;000001;1;000002;065722025013509930000037000001
065722025013509930000038;000001;1;000002;065722025013509930000038000001
065722025013509930000039;000001;1;000002;065722025013509930000039000001
065722025013509930000040;000001;1;000002;065722025013509930000040000001
065722025013509930000041;000001;1;000002;065722025013509930000041000001
065722025013509930000042;000001;1;000002;065722025013509930000042000001
065722025014709930000078;000001;1;000002;065722025014709930000078000001
065722025013509930000214;000001;1;000002;065722025013509930000214000001
065722025013509930000057;000001;1;000002;065722025013509930000057000001
065722024013509930001167;000003;1;000004;065722024013509930001167000003
065722024001909930000342;000001;1;000006;065722024001909930000342000001
065722024001909930000342;000002;1;000007;065722024001909930000342000002
065722024001909930000342;000004;1;000005;065722024001909930000342000004
065722024001909930000342;000014;1;000015;065722024001909930000342000014
065722024004909930000777;000002;1;000003;065722024004909930000777000002
065722024004909930000775;000002;1;000003;065722024004909930000775000002
065722024004909930000775;000005;1;000006;065722024004909930000775000005
065722024002109820000076;000001;1;000002;065722024002109820000076000001
065722024002109820000076;000003;1;000004;065722024002109820000076000003
065722024004509930000364;000001;1;000002;065722024004509930000364000001
065722024011409930000414;000001;1;000004;065722024011409930000414000001
065722024011409930000414;000002;1;000003;065722024011409930000414000002
065722024014009930000333;000002;1;000003;065722024014009930000333000002
065722024014009930000333;000005;1;000006;065722024014009930000333000005
065722024004909930000795;000012;1;000024;065722024004909930000795000012
065722024004909930000795;000013;1;000022;065722024004909930000795000013
065722024004909930000795;000014;1;000020;065722024004909930000795000014
065722024004909930000795;000008;1;000015;065722024004909930000795000008
065722024004909930000795;000009;1;000026;065722024004909930000795000009
065722024004909930000795;000010;1;000017;065722024004909930000795000010
065722024004909930000795;000011;1;000019;065722024004909930000795000011
065722024014609930000208;000002;1;000003;065722024014609930000208000002
065722024014609930000217;000002;1;000003;065722024014609930000217000002
065722024002409930000537;000002;1;000003;065722024002409930000537000002
065722024014609930000219;000002;1;000003;065722024014609930000219000002
065722024000809930000383;000002;1;000006;065722024000809930000383000002
065722024000809930000383;000003;1;000007;065722024000809930000383000003
065722024000809930000383;000004;1;000008;065722024000809930000383000004
065722024000809930000383;000005;1;000009;065722024000809930000383000005
065722024014609930000220;000002;1;000003;065722024014609930000220000002
065722024000809930000388;000003;1;000004;065722024000809930000388000003
065722024014609930000235;000002;1;000003;065722024014609930000235000002
065722024000809930000386;000002;1;000003;065722024000809930000386000002
065722025014709930000005;000001;1;000002;065722025014709930000005000001
065722024014609930000246;000003;1;000004;065722024014609930000246000003
065722024014609930000246;000006;1;000007;065722024014609930000246000006
065722025011309930000011;000002;1;000007;065722025011309930000011000002
065722025011309930000011;000003;1;000006;065722025011309930000011000003
065722025011309930000011;000004;1;000005;065722025011309930000011000004
065722025002009930000012;000001;1;000003;065722025002009930000012000001
065722025002409820000002;000001;1;000002;065722025002409820000002000001
065722025004609930000026;000001;1;000002;065722025004609930000026000001
065722025013509930000047;000001;1;000002;065722025013509930000047000001
065722025001809930000017;000001;1;000002;065722025001809930000017000001
065722025004609930000036;000001;1;000002;065722025004609930000036000001
065722025004609930000036;000003;1;000004;065722025004609930000036000003
065722025011309930000032;000002;1;000006;065722025011309930000032000002
065722025011309930000032;000004;1;000005;065722025011309930000032000004
065722025011309930000032;000007;1;000008;065722025011309930000032000007
065722025014209930000043;000001;1;000032;065722025014209930000043000001
065722025014209930000043;000002;1;000034;065722025014209930000043000002
065722025014209930000043;000003;1;000036;065722025014209930000043000003
065722025014209930000043;000004;1;000038;065722025014209930000043000004
065722025014209930000043;000005;1;000040;065722025014209930000043000005
065722025014209930000043;000006;1;000042;065722025014209930000043000006
065722025014209930000043;000007;1;000044;065722025014209930000043000007
065722025014209930000043;000008;1;000046;065722025014209930000043000008
065722025014209930000043;000009;1;000048;065722025014209930000043000009
065722025014209930000043;000010;1;000052;065722025014209930000043000010
065722025014209930000043;000011;1;000054;065722025014209930000043000011
065722025014209930000043;000012;1;000056;065722025014209930000043000012
065722025014209930000043;000013;1;000058;065722025014209930000043000013
065722025014209930000043;000014;1;000060;065722025014209930000043000014
065722025014209930000043;000015;1;000031;065722025014209930000043000015
065722025014209930000043;000016;1;000033;065722025014209930000043000016
065722025014209930000043;000017;1;000035;065722025014209930000043000017
065722025014209930000043;000018;1;000037;065722025014209930000043000018
065722025014209930000043;000019;1;000039;065722025014209930000043000019
065722025014209930000043;000020;1;000041;065722025014209930000043000020
065722025014209930000043;000021;1;000043;065722025014209930000043000021
065722025014209930000043;000022;1;000045;065722025014209930000043000022
065722025014209930000043;000023;1;000047;065722025014209930000043000023
065722025014209930000043;000024;1;000051;065722025014209930000043000024
065722025014209930000043;000025;1;000053;065722025014209930000043000025
065722025014209930000043;000026;1;000055;065722025014209930000043000026
065722025014209930000043;000027;1;000057;065722025014209930000043000027
065722025014209930000043;000028;1;000059;065722025014209930000043000028
065722025014209930000043;000029;1;000050;065722025014209930000043000029
065722025014209930000043;000030;1;000049;065722025014209930000043000030
065722025004909930000062;000001;1;000002;065722025004909930000062000001
065722025010709930000066;000001;1;000004;065722025010709930000066000001
065722025010709930000066;000002;1;000003;065722025010709930000066000002
065722025004209930000059;000001;1;000002;065722025004209930000059000001
065722025010709930000060;000004;1;000005;065722025010709930000060000004
065722025004509930000038;000001;1;000002;065722025004509930000038000001
065722025002109820000007;000001;1;000002;065722025002109820000007000001
065722025011309930000082;000002;1;000003;065722025011309930000082000002
065722025011309930000082;000004;1;000005;065722025011309930000082000004
065722025014609930000027;000002;1;000005;065722025014609930000027000002
065722025014609930000027;000003;1;000004;065722025014609930000027000003
065722025001509820000002;000001;1;000002;065722025001509820000002000001
9300140719;170948;1;470872;9300140719170948
9300140719;179425;1;472008;9300140719179425
9300140719;126291;1;474204;9300140719126291
9300140719;126365;1;474205;9300140719126365
9300140719;126366;1;474206;9300140719126366
9300140719;126367;1;474207;9300140719126367
9300140719;126368;1;474208;9300140719126368
9300148887;105784;1;473035;9300148887105784
9300148887;114086;1;473036;9300148887114086
9300139461;164843;1;471122;9300139461164843
9300139461;171561;1;471123;9300139461171561
9300139461;126309;1;474340;9300139461126309
9300139461;126736;1;474341;9300139461126736
9300139461;127594;1;474342;9300139461127594
9300139461;128385;1;474343;9300139461128385
9300139461;128860;1;474344;9300139461128860
9300139461;130489;1;474345;9300139461130489
8100051924;180896;1;484199;8100051924180896
8100051924;182486;1;485443;8100051924182486
8100051924;182878;1;485444;8100051924182878
8100051924;184122;1;485622;8100051924184122
8100051924;184145;1;485623;8100051924184145
8100051924;184157;1;485624;8100051924184157
8100051924;184180;1;485625;8100051924184180
9300145799;182451;1;473199;9300145799182451
9300145799;192113;1;472695;9300145799192113
9300145799;136716;1;475307;9300145799136716
9300145799;137561;1;475308;9300145799137561
9300145799;138241;1;475309;9300145799138241
9300145799;138486;1;475310;9300145799138486
9300145799;138487;1;475311;9300145799138487
9300144285;114931;1;473197;9300144285114931
9300147813;100043;1;473145;9300147813100043
9300147813;129877;1;475000;9300147813129877
9300147813;130137;1;475001;9300147813130137
9300147813;130145;1;475268;9300147813130145
9300150398;134229;1;475223;9300150398134229
9300149491;194182;1;468714;9300149491194182
9300151837;108412;1;469477;9300151837108412
9300154105;155498;1;474393;9300154105155498
9300149347;128087;1;472346;9300149347128087
9300149347;147520;1;473803;9300149347147520
9300148560;196730;1;468671;9300148560196730
9300148560;103674;1;469096;9300148560103674
9300149545;153313;1;474110;9300149545153313
9300145046;154409;1;474063;9300145046154409
9300149767;119964;1;470740;9300149767119964
9300150129;163206;1;475315;9300150129163206
9300150596;119595;1;470275;9300150596119595
9300150596;127691;1;472073;9300150596127691
9300150596;160305;1;474733;9300150596160305
9300150596;163004;1;475166;9300150596163004
9300149879;162577;1;475183;9300149879162577
9300150229;114378;1;469992;9300150229114378
9300150229;130950;1;472408;9300150229130950
9300150229;138317;1;472869;9300150229138317
9300150229;144581;1;473697;9300150229144581
9300149694;106266;1;469457;9300149694106266
9300149694;109232;1;469518;9300149694109232
9300149694;114246;1;469903;9300149694114246
9300149694;115095;1;469902;9300149694115095
9300149694;149863;1;473860;9300149694149863
9300150274;100085;1;468713;9300150274100085
9300151390;102595;1;469106;9300151390102595
9300151390;141905;1;473335;9300151390141905
9300153909;127136;1;472720;9300153909127136
9300153909;135066;1;472719;9300153909135066
9300153909;148674;1;473805;9300153909148674
9300153909;159316;1;474779;9300153909159316
9300150889;128884;1;472374;9300150889128884
9300150277;198882;1;469116;9300150277198882
9300150677;141906;1;473328;9300150677141906
9300150677;156681;1;474170;9300150677156681
9300150529;100696;1;469172;9300150529100696
9300150253;104027;1;469338;9300150253104027
9300150253;104030;1;469337;9300150253104030
9300150253;110539;1;469782;9300150253110539
9300150253;114426;1;469817;9300150253114426
9300150253;117882;1;470769;9300150253117882
9300150253;125232;1;471142;9300150253125232
9300151825;132522;1;472456;9300151825132522
9300151825;139557;1;472888;9300151825139557
8100053804;183391;1;484953;8100053804183391
8100053804;184779;1;485613;8100053804184779
9300150278;116975;1;470337;9300150278116975
8100053806;182610;1;484675;8100053806182610
8100053806;184768;1;485600;8100053806184768
8100053806;184801;1;485610;8100053806184801
9300152390;116821;1;469994;9300152390116821
9300153284;109252;1;469469;9300153284109252
9300153284;109253;1;469468;9300153284109253
9300150358;151105;1;473965;9300150358151105
9300150358;159329;1;474746;9300150358159329
9300150358;162114;1;475064;9300150358162114
9300151192;159722;1;474723;9300151192159722
9300150285;111971;1;469762;9300150285111971
9300150285;120325;1;471989;9300150285120325
9300150285;136335;1;472696;9300150285136335
9300150285;142475;1;473253;9300150285142475
9300150285;148484;1;473824;9300150285148484
9300150286;111970;1;469783;9300150286111970
9300150286;120326;1;471690;9300150286120326
9300150286;126549;1;471775;9300150286126549
9300150286;136169;1;472696;9300150286136169
9300150286;148485;1;473821;9300150286148485
8100053422;182242;1;484649;8100053422182242
8100053422;182460;1;484665;8100053422182460
8100053422;183966;1;485336;8100053422183966
9300151118;148498;1;473799;9300151118148498
9300152773;138634;1;472783;9300152773138634
9300149899;127028;1;472135;9300149899127028
9300149899;141325;1;473315;9300149899141325
9300149899;151730;1;473964;9300149899151730
9300151473;114239;1;469795;9300151473114239
9300151473;114238;1;469796;9300151473114238
9300151190;101324;1;469275;9300151190101324
9300151190;102892;1;469273;9300151190102892
9300150552;108073;1;469730;9300150552108073
9300151832;105041;1;469358;9300151832105041
9300152416;126969;1;471772;9300152416126969
9300152416;126968;1;471773;9300152416126968
9300150679;140552;1;472962;9300150679140552
9300150846;122890;1;474941;9300150846122890
9300153714;125725;1;471716;9300153714125725
9300154451;115492;1;470055;9300154451115492
9300153329;111897;1;469878;9300153329111897
9300151931;124571;1;471154;9300151931124571
9300151454;124597;1;472113;9300151454124597
9300150945;105436;1;469603;9300150945105436
9300151194;115445;1;470257;9300151194115445
9300151194;119683;1;470376;9300151194119683
9300149956;107665;1;469308;9300149956107665
9300149956;107667;1;469519;9300149956107667
9300151939;122731;1;471681;9300151939122731
9300150520;107875;1;469475;9300150520107875
9300150520;153991;1;474006;9300150520153991
9300150520;159804;1;474742;9300150520159804
9300150520;163771;1;475401;9300150520163771
9300153381;124167;1;470810;9300153381124167
9300152428;138260;1;475239;9300152428138260
9300152431;138261;1;475240;9300152431138261
9300152434;138262;1;475241;9300152434138262
9300153011;155671;1;474180;9300153011155671
9300153496;162223;1;475146;9300153496162223
9300153782;116363;1;469937;9300153782116363
9300153535;136641;1;474121;9300153535136641
9300153535;142661;1;474122;9300153535142661
9300153912;160877;1;474744;9300153912160877
9300153912;160878;1;474745;9300153912160878
8100053860;183586;1;485019;8100053860183586
8100053860;184310;1;485504;8100053860184310
9300152469;162025;1;474814;9300152469162025
9300152469;164280;1;475416;9300152469164280
9300152470;139086;1;472867;9300152470139086
9300152470;145451;1;473407;9300152470145451
9300152470;155104;1;474080;9300152470155104
9300152470;161897;1;474813;9300152470161897
9300152470;164279;1;475415;9300152470164279
9300148810;198621;1;468811;9300148810198621
9300148810;115926;1;470378;9300148810115926
9300148810;116917;1;470377;9300148810116917
9300148810;124163;1;470844;9300148810124163
9300149773;150816;1;473907;9300149773150816
9300149773;162080;1;475061;9300149773162080
9300149773;162371;1;475065;9300149773162371
9300149633;147529;1;473831;9300149633147529
9300149633;150095;1;473845;9300149633150095
9300149280;101539;1;469137;9300149280101539
9300149882;107883;1;469442;9300149882107883
9300149626;127692;1;475248;9300149626127692
9300149804;127748;1;474981;9300149804127748
9300149804;135156;1;475258;9300149804135156
9300154350;157575;1;474346;9300154350157575
9300154117;120246;1;470776;9300154117120246
9300154488;140541;1;473209;9300154488140541
9300154488;140543;1;473208;9300154488140543
9300154488;147536;1;473760;9300154488147536
9300154488;147691;1;473759;9300154488147691
9300154488;148106;1;473769;9300154488148106
9300154536;127702;1;474867;9300154536127702
9300154528;115474;1;469923;9300154528115474
9300154528;158994;1;474409;9300154528158994
9300154528;159602;1;474417;9300154528159602
9300154529;123508;1;471703;9300154529123508
9300154550;118949;1;470395;9300154550118949
9300154550;140518;1;473310;9300154550140518
9300154550;162690;1;475162;9300154550162690
9300154550;163172;1;475164;9300154550163172
9300154563;144892;1;473640;9300154563144892
9300154632;163013;1;475316;9300154632163013
9300150548;147817;1;473777;9300150548147817
9300150549;119222;1;470313;9300150549119222
9300150549;135359;1;472777;9300150549135359
9300150549;141802;1;473358;9300150549141802
9300150549;147959;1;473780;9300150549147959
9300150550;127695;1;472087;9300150550127695
9300150550;135312;1;472886;9300150550135312
9300150550;141803;1;473273;9300150550141803
9300150550;147818;1;473801;9300150550147818
9300150551;119226;1;470309;9300150551119226
9300150551;127696;1;472088;9300150551127696
9300150551;135360;1;472896;9300150551135360
9300150551;135529;1;472895;9300150551135529
9300150551;140078;1;472911;9300150551140078
9300150551;140145;1;475222;9300150551140145
9300150551;147867;1;473802;9300150551147867
9300154984;136524;1;472785;9300154984136524
9300154984;136525;1;472786;9300154984136525
9300154984;136527;1;472788;9300154984136527
9300154984;136528;1;472789;9300154984136528
9300154984;136530;1;472790;9300154984136530
9300154984;136532;1;472791;9300154984136532
9300150736;128627;1;474974;9300150736128627
9300150736;137153;1;475247;9300150736137153
9300154692;141647;1;473657;9300154692141647
9300154692;143934;1;473362;9300154692143934
8100054348;183584;1;485595;8100054348183584
8100054348;183899;1;485596;8100054348183899
8100054348;184126;1;485597;8100054348184126
9300154962;133210;1;472436;9300154962133210
9300154294;120244;1;470691;9300154294120244
9300154865;123521;1;470812;9300154865123521
9300154866;158778;1;474382;9300154866158778
9300154866;162015;1;475063;9300154866162015
9300154866;164230;1;475399;9300154866164230
9300151472;108935;1;469535;9300151472108935
9300151472;108937;1;469537;9300151472108937
9300151472;108938;1;469536;9300151472108938
9300151472;108939;1;469538;9300151472108939
9300151472;108952;1;469539;9300151472108952
9300151472;108960;1;469540;9300151472108960
9300151472;108963;1;469541;9300151472108963
9300151472;108964;1;469542;9300151472108964
9300151472;108965;1;469543;9300151472108965
9300151472;108966;1;469544;9300151472108966
9300150171;107224;1;469621;9300150171107224
9300150171;154934;1;474171;9300150171154934
9300150208;120823;1;471690;9300150208120823
9300150208;163613;1;475380;9300150208163613
9300150392;133660;1;472716;9300150392133660
9300150392;160022;1;474748;9300150392160022
9300147775;101335;1;469169;9300147775101335
9300147775;101336;1;469176;9300147775101336
9300147775;149486;1;473917;9300147775149486
9300147775;159803;1;474728;9300147775159803
9300147775;160447;1;475359;9300147775160447
9300147775;162436;1;475106;9300147775162436
9300147775;162438;1;475358;9300147775162438
9300147773;116894;1;470285;9300147773116894
9300145869;133643;1;472540;9300145869133643
9300145869;133647;1;472542;9300145869133647
9300145869;133683;1;472539;9300145869133683
9300145869;133684;1;472454;9300145869133684
9300145869;133688;1;472541;9300145869133688
9300145869;137322;1;472885;9300145869137322
9300145869;137956;1;473639;9300145869137956
9300145869;144460;1;473638;9300145869144460
8100051299;180796;1;484249;8100051299180796
8100051299;181230;1;484248;8100051299181230
8100051299;182234;1;485441;8100051299182234
8100051299;182344;1;485442;8100051299182344
9300136568;168871;1;471013;9300136568168871
9300136568;176889;1;472030;9300136568176889
9300136568;177925;1;473112;9300136568177925
9300136568;129992;1;474257;9300136568129992
9300136568;130410;1;474258;9300136568130410
9300136568;130411;1;474259;9300136568130411
9300136568;130412;1;474260;9300136568130412
9300136568;130413;1;474261;9300136568130413
9300132230;126301;1;462115;9300132230126301
9300132230;129257;1;462114;9300132230129257
9300132230;128809;1;472335;9300132230128809
9300132230;139627;1;472847;9300132230139627
9300132957;140282;1;462656;9300132957140282
9300132957;140283;1;462660;9300132957140283
9300132957;140284;1;462659;9300132957140284
9300132957;140285;1;462658;9300132957140285
9300132957;140287;1;462657;9300132957140287
9300132957;191110;1;467637;9300132957191110
9300132957;191112;1;467638;9300132957191112
9300132957;191114;1;467639;9300132957191114
9300132957;191115;1;467640;9300132957191115
9300132957;191116;1;467641;9300132957191116
9300132957;105619;1;469253;9300132957105619
9300132957;105620;1;469252;9300132957105620
9300132957;109158;1;469576;9300132957109158
9300132957;164147;1;475385;9300132957164147
9300132957;164172;1;475771;9300132957164172
9300139185;156651;1;464280;9300139185156651
9300139185;156653;1;464288;9300139185156653
9300139185;156658;1;464290;9300139185156658
9300139185;156669;1;464286;9300139185156669
9300139185;156689;1;464284;9300139185156689
9300139185;156705;1;464282;9300139185156705
9300139185;156753;1;463551;9300139185156753
9300139185;164506;1;464279;9300139185164506
9300139185;164507;1;464289;9300139185164507
9300139185;164509;1;464287;9300139185164509
9300139185;164511;1;464285;9300139185164511
9300139185;164527;1;464283;9300139185164527
9300139185;164531;1;464281;9300139185164531
9300139185;180656;1;466067;9300139185180656
9300139185;180657;1;466066;9300139185180657
9300140136;194241;1;468257;9300140136194241
9300140136;195294;1;472621;9300140136195294
9300140136;136625;1;475208;9300140136136625
9300140136;142454;1;475209;9300140136142454
9300137145;118191;1;473882;9300137145118191
9300137145;126907;1;471949;9300137145126907
9300137145;128448;1;472124;9300137145128448
9300142463;176820;1;472013;9300142463176820
9300142463;185629;1;473049;9300142463185629
9300142463;129721;1;474230;9300142463129721
9300142463;130416;1;474231;9300142463130416
9300142463;130417;1;474232;9300142463130417
9300142463;130418;1;474233;9300142463130418
9300142463;130419;1;474234;9300142463130419
9300144022;127174;1;472164;9300144022127174
9300144022;133093;1;474883;9300144022133093
9300144022;135930;1;475216;9300144022135930
9300143293;107562;1;474333;9300143293107562
9300143293;107565;1;474334;9300143293107565
9300143293;116225;1;474335;9300143293116225
9300143293;116226;1;474336;9300143293116226
9300143293;124582;1;474337;9300143293124582
9300143293;124583;1;474338;9300143293124583
9300144524;185835;1;473172;9300144524185835
9300144524;195033;1;472687;9300144524195033
9300144524;195745;1;472688;9300144524195745
9300144524;136715;1;475285;9300144524136715
9300144524;136838;1;475286;9300144524136838
9300144524;136839;1;475287;9300144524136839
9300144524;136840;1;475288;9300144524136840
9300147095;125159;1;470775;9300147095125159
9300147095;132987;1;472437;9300147095132987
9300147095;133091;1;472422;9300147095133091
9300147095;146074;1;473613;9300147095146074
9300147095;155640;1;474144;9300147095155640
9300147095;155641;1;474145;9300147095155641
9300147095;155955;1;474146;9300147095155955
9300147095;155956;1;474147;9300147095155956
9300147095;155970;1;474148;9300147095155970
9300147095;155971;1;474149;9300147095155971
9300147095;159726;1;474582;9300147095159726
9300144639;173288;1;470970;9300144639173288
9300144639;188021;1;473089;9300144639188021
9300144639;126311;1;474250;9300144639126311
9300144639;126406;1;474251;9300144639126406
9300144639;126407;1;474252;9300144639126407
9300144639;126408;1;474253;9300144639126408
9300143839;113392;1;473151;9300143839113392
9300143839;141101;1;474389;9300143839141101
9300143839;148857;1;474390;9300143839148857
9300140425;157678;1;468149;9300140425157678
9300140425;161237;1;470991;9300140425161237
9300140425;195814;1;472656;9300140425195814
9300140425;196674;1;472657;9300140425196674
9300140425;196676;1;472658;9300140425196676
9300140425;197301;1;472659;9300140425197301
9300140747;171570;1;471026;9300140747171570
9300140747;180449;1;472037;9300140747180449
9300140747;126293;1;473911;9300140747126293
9300140747;126369;1;473912;9300140747126369
9300140747;126370;1;471152;9300140747126370
9300140747;126394;1;473913;9300140747126394
9300140747;126395;1;473914;9300140747126395
9300140747;126396;1;473915;9300140747126396
9300143795;176941;1;472016;9300143795176941
9300143795;185707;1;473073;9300143795185707
9300143795;129786;1;474238;9300143795129786
9300143795;130422;1;474239;9300143795130422
9300143795;130423;1;474240;9300143795130423
9300143795;130424;1;474241;9300143795130424
9300143795;130425;1;474242;9300143795130425
9300145753;146178;1;475695;9300145753146178
9300149428;121444;1;474950;9300149428121444
9300149428;129889;1;475170;9300149428129889
9300149428;137146;1;475171;9300149428137146
9300143519;176931;1;472061;9300143519176931
9300143519;194866;1;472694;9300143519194866
9300143519;129859;1;474329;9300143519129859
9300143519;130451;1;474330;9300143519130451
9300143519;130452;1;474331;9300143519130452
9300143519;130454;1;474332;9300143519130454
9300147091;151410;1;475714;9300147091151410
9300148213;163621;1;475346;9300148213163621
9300149507;159833;1;474734;9300149507159833
9300151188;139442;1;475752;9300151188139442
9300151188;145254;1;475753;9300151188145254
8100053003;182566;1;484694;8100053003182566
9300148717;119624;1;470279;9300148717119624
9300149345;144110;1;473337;9300149345144110
9300154045;112496;1;469822;9300154045112496
9300154045;113462;1;469821;9300154045113462
9300149860;100680;1;469305;9300149860100680
9300149860;115351;1;470002;9300149860115351
9300149906;114894;1;469940;9300149906114894
9300150666;105669;1;469175;9300150666105669
9300150666;105670;1;469174;9300150666105670
9300150666;105671;1;469173;9300150666105671
9300150666;115478;1;469922;9300150666115478
9300150666;115479;1;470009;9300150666115479
9300150666;122978;1;470792;9300150666122978
9300150666;122979;1;470793;9300150666122979
9300150666;122980;1;470794;9300150666122980
9300149785;134052;1;472499;9300149785134052
8100053895;184044;1;485501;8100053895184044
8100053895;184044;2;485501;8100053895184044
8100053895;184044;3;485501;8100053895184044
8100053895;184239;1;485502;8100053895184239
8100053895;184239;2;485502;8100053895184239
8100053895;184239;3;485502;8100053895184239
9300150118;132445;1;472415;9300150118132445
9300151566;157112;1;474588;9300151566157112
8100053644;182813;1;484714;8100053644182813
8100053644;182973;1;484717;8100053644182973
8100053644;183803;1;485317;8100053644183803
8100053644;184036;1;485455;8100053644184036
8100053644;184630;1;485555;8100053644184630
8100053644;184646;1;485569;8100053644184646
8100053644;184762;1;485598;8100053644184762
9300151127;106350;1;469389;9300151127106350
9300151556;130860;1;472157;9300151556130860
9300151556;130899;1;472166;9300151556130899
9300151262;110419;1;469789;9300151262110419
9300151262;110420;1;469790;9300151262110420
9300150761;161142;1;475357;9300150761161142
9300150761;163325;1;475356;9300150761163325
9300151180;107072;1;469532;9300151180107072
9300151180;123749;1;472090;9300151180123749
9300151180;129591;1;472102;9300151180129591
9300151180;150855;1;473889;9300151180150855
9300151180;158805;1;474403;9300151180158805
9300151180;161954;1;474827;9300151180161954
9300150122;164167;1;475387;9300150122164167
9300150346;112208;1;469815;9300150346112208
9300151273;149920;1;475706;9300151273149920
9300150615;146460;1;475655;9300150615146460
9300150615;146604;1;475656;9300150615146604
9300150615;148754;1;475657;9300150615148754
9300150588;129232;1;474870;9300150588129232
9300150588;144298;1;475577;9300150588144298
9300150728;126579;1;472332;9300150728126579
9300153707;141434;1;475277;9300153707141434
9300153707;147254;1;475722;9300153707147254
9300151576;165185;1;475766;9300151576165185
9300151585;146909;1;473900;9300151585146909
9300151585;159841;1;474763;9300151585159841
9300151581;146907;1;473901;9300151581146907
9300151581;159840;1;474764;9300151581159840
9300151355;113930;1;469908;9300151355113930
9300151355;122110;1;472114;9300151355122110
9300152183;139783;1;472929;9300152183139783
9300151477;117483;1;470278;9300151477117483
9300151477;133724;1;472600;9300151477133724
9300151595;141611;1;473309;9300151595141611
9300151595;141630;1;473308;9300151595141630
9300150712;155991;1;474396;9300150712155991
9300151537;105066;1;469419;9300151537105066
9300150626;152313;1;473953;9300150626152313
9300150422;158451;1;474431;9300150422158451
9300145966;194603;1;472511;9300145966194603
9300145966;103442;1;469722;9300145966103442
9300145966;110568;1;469721;9300145966110568
9300145966;114665;1;472510;9300145966114665
9300147190;190245;1;473002;9300147190190245
9300147190;198167;1;472616;9300147190198167
9300147190;136702;1;475196;9300147190136702
9300147190;136796;1;475197;9300147190136796
9300147190;136797;1;475198;9300147190136797
9300147190;136798;1;475199;9300147190136798
9300147190;139065;1;475200;9300147190139065
9300148532;198170;1;473050;9300148532198170
9300148532;198320;1;473051;9300148532198320
9300148532;141577;1;475360;9300148532141577
9300148532;142229;1;475361;9300148532142229
9300148532;142534;1;475362;9300148532142534
9300148532;142982;1;475363;9300148532142982
9300149586;143860;1;473368;9300149586143860
9300149704;148062;1;473758;9300149704148062
9300148237;103134;1;473113;9300148237103134
9300148237;111935;1;473114;9300148237111935
9300148237;141589;1;475651;9300148237141589
9300148237;142187;1;475652;9300148237142187
9300148237;142298;1;475653;9300148237142298
9300148237;142861;1;475654;9300148237142861
9300150955;150332;1;473934;9300150955150332
9300150955;150334;1;473933;9300150955150334
9300148319;141105;1;475676;9300148319141105
9300148319;147353;1;475677;9300148319147353
9300150716;149993;1;475617;9300150716149993
9300150715;149992;1;475616;9300150715149992
9300150714;149991;1;475615;9300150714149991
9300150717;149990;1;475618;9300150717149990
9300152125;105197;1;469381;9300152125105197
9300152097;109597;1;469666;9300152097109597
9300151983;113869;1;469794;9300151983113869
9300151983;114480;1;469812;9300151983114480
9300151983;117775;1;470159;9300151983117775
9300151983;126960;1;471739;9300151983126960
9300152580;106781;1;469770;9300152580106781
9300152580;113609;1;469769;9300152580113609
9300152580;122374;1;471928;9300152580122374
9300152580;153037;1;473969;9300152580153037
9300152580;161244;1;474783;9300152580161244
9300152471;115143;1;469995;9300152471115143
9300152090;121928;1;470394;9300152090121928
9300152180;113003;1;470283;9300152180113003
9300152180;157396;1;474724;9300152180157396
9300152649;164425;1;475413;9300152649164425
9300152649;164615;1;475414;9300152649164615
9300152558;113884;1;469954;9300152558113884
9300150952;152267;1;473950;9300150952152267
9300154613;164672;1;475423;9300154613164672
9300153380;126159;1;471711;9300153380126159
9300153380;159174;1;474767;9300153380159174
9300153739;138616;1;475635;9300153739138616
9300153739;139810;1;475636;9300153739139810
8100054000;183143;1;484740;8100054000183143
8100054000;184805;1;485612;8100054000184805
9300152464;114471;1;469957;9300152464114471
9300152479;144668;1;473383;9300152479144668
9300152479;158586;1;474411;9300152479158586
9300152673;146502;1;473630;9300152673146502
9300152673;149539;1;473853;9300152673149539
9300152453;123172;1;471155;9300152453123172
9300152453;164059;1;475422;9300152453164059
9300152542;125130;1;470774;9300152542125130
9300152542;125137;1;471147;9300152542125137
9300152542;126337;1;471149;9300152542126337
9300152542;161433;1;474802;9300152542161433
9300152460;127653;1;472426;9300152460127653
9300152460;146966;1;473865;9300152460146966
9300152299;113433;1;469729;9300152299113433
9300152535;115465;1;470156;9300152535115465
9300152325;141948;1;473364;9300152325141948
9300153385;150279;1;474081;9300153385150279
9300152474;132994;1;472490;9300152474132994
9300152474;150241;1;473862;9300152474150241
9300152474;154321;1;474172;9300152474154321
9300152474;156989;1;474181;9300152474156989
9300152154;109651;1;470154;9300152154109651
9300152363;125604;1;471728;9300152363125604
9300152363;162503;1;475150;9300152363162503
9300153415;111661;1;469668;9300153415111661
9300153955;125156;1;471749;9300153955125156
9300153955;127451;1;471752;9300153955127451
9300153955;131938;1;472421;9300153955131938
9300152807;132559;1;475009;9300152807132559
9300154030;113538;1;470393;9300154030113538
9300154030;164621;1;475515;9300154030164621
9300153973;123738;1;471741;9300153973123738
9300153973;161696;1;474819;9300153973161696
9300152882;162628;1;475091;9300152882162628
9300152761;161136;1;475061;9300152761161136
9300154051;113485;1;473003;9300154051113485
9300152682;146787;1;475646;9300152682146787
9300152682;150929;1;475647;9300152682150929
9300153430;141069;1;475748;9300153430141069
9300153430;146987;1;475749;9300153430146987
9300153532;110649;1;469608;9300153532110649
9300153784;124812;1;471135;9300153784124812
9300153784;155419;1;474352;9300153784155419
9300153784;159337;1;474586;9300153784159337
9300152839;125122;1;470845;9300152839125122
9300152839;131391;1;472398;9300152839131391
9300152839;138348;1;472776;9300152839138348
9300152839;154282;1;474048;9300152839154282
9300154599;129443;1;472342;9300154599129443
9300154064;150211;1;473872;9300154064150211
9300154064;164070;1;475397;9300154064164070
9300148896;156024;1;474154;9300148896156024
9300149987;164376;1;475410;9300149987164376
9300149465;194824;1;472641;9300149465194824
9300149465;103718;1;473074;9300149465103718
9300149465;136726;1;475229;9300149465136726
9300149465;136848;1;475230;9300149465136848
9300149465;136849;1;475231;9300149465136849
9300149465;136850;1;475232;9300149465136850
9300149555;112231;1;472973;9300149555112231
9300149466;193926;1;472674;9300149466193926
9300149466;198217;1;473136;9300149466198217
9300149466;136720;1;475263;9300149466136720
9300149466;136841;1;475264;9300149466136841
9300149466;136842;1;475265;9300149466136842
9300149466;136843;1;475266;9300149466136843
9300149466;139565;1;475699;9300149466139565
8100053738;183539;1;485021;8100053738183539
9300149908;145472;1;473643;9300149908145472
9300151501;128862;1;475270;9300151501128862
9300151501;135609;1;475701;9300151501135609
9300151501;142517;1;475702;9300151501142517
8100053739;182511;1;484669;8100053739182511
8100053739;182790;1;484706;8100053739182790
8100053739;183178;1;484763;8100053739183178
8100053739;183486;1;485028;8100053739183486
8100053739;184432;1;485515;8100053739184432
9300150009;146850;1;473846;9300150009146850
9300150026;117562;1;470277;9300150026117562
9300150026;117563;1;470832;9300150026117563
9300150026;117564;1;470276;9300150026117564
9300150026;117565;1;470835;9300150026117565
9300150026;117566;1;470836;9300150026117566
9300150026;119682;1;470692;9300150026119682
9300150026;146114;1;473637;9300150026146114
9300150173;140300;1;475226;9300150173140300
9300150173;146241;1;475612;9300150173146241
9300154140;144723;1;473353;9300154140144723
9300154140;149955;1;473871;9300154140149955
9300154140;161209;1;474803;9300154140161209
9300154472;156309;1;474156;9300154472156309
9300154466;136038;1;472603;9300154466136038
9300154385;141845;1;473278;9300154385141845
9300154385;142589;1;473279;9300154385142589
9300154385;152617;1;474049;9300154385152617
9300154385;156662;1;474358;9300154385156662
9300154297;139769;1;472891;9300154297139769
9300154358;128221;1;472174;9300154358128221
9300154358;131922;1;472403;9300154358131922
9300154358;163010;1;475395;9300154358163010
9300153941;111171;1;469768;9300153941111171
9300154224;116959;1;470341;9300154224116959
9300151336;126569;1;471783;9300151336126569
9300151336;134558;1;472793;9300151336134558
9300151336;134964;1;472792;9300151336134964
9300152304;120642;1;472593;9300152304120642
9300152304;129031;1;472591;9300152304129031
9300154143;124780;1;471993;9300154143124780
9300154478;126078;1;471934;9300154478126078
9300150811;123493;1;471997;9300150811123493
9300154479;154659;1;474150;9300154479154659
8100053868;182311;1;484633;8100053868182311
9300151249;149981;1;475621;9300151249149981
9300151183;110346;1;473065;9300151183110346
9300151121;122171;1;475010;9300151121122171
9300151121;130472;1;475272;9300151121130472
9300151121;136856;1;475713;9300151121136856
9300151140;126051;1;475293;9300151140126051
9300151140;133713;1;475736;9300151140133713
9300151140;140664;1;475737;9300151140140664
9300151235;133528;1;474980;9300151235133528
9300151235;140368;1;475257;9300151235140368
9300151835;145471;1;473408;9300151835145471
9300151398;124359;1;474866;9300151398124359
9300152402;139594;1;472927;9300152402139594
9300152693;126921;1;471776;9300152693126921
9300151765;133271;1;474955;9300151765133271
9300151765;146293;1;475661;9300151765146293
9300151764;140967;1;475236;9300151764140967
9300151928;129860;1;475046;9300151928129860
9300151928;136972;1;475300;9300151928136972
9300154755;120935;1;470739;9300154755120935
9300151934;115294;1;470189;9300151934115294
9300151934;118978;1;470190;9300151934118978
9300151934;124934;1;470829;9300151934124934
9300151934;124935;1;470830;9300151934124935
9300151934;124936;1;470831;9300151934124936
9300151934;124937;1;470837;9300151934124937
9300151934;125433;1;471932;9300151934125433
9300151934;138480;1;473233;9300151934138480
9300151934;138483;1;473235;9300151934138483
9300151934;154641;1;474087;9300151934154641
9300151934;159156;1;474402;9300151934159156
9300151934;161623;1;475174;9300151934161623
9300151934;164181;1;475760;9300151934164181
9300151934;164183;1;475761;9300151934164183
9300151934;164184;1;475763;9300151934164184
9300151934;164497;1;475764;9300151934164497
9300151934;164500;1;475765;9300151934164500
9300151934;165301;1;475762;9300151934165301
9300153900;153038;1;474064;9300153900153038
9300152083;152101;1;473945;9300152083152101
9300152083;159281;1;474394;9300152083159281
9300152216;138378;1;473652;9300152216138378
9300152216;144141;1;473651;9300152216144141
9300152216;146780;1;473680;9300152216146780
9300152216;161395;1;474809;9300152216161395
9300152122;105805;1;470110;9300152122105805
9300152122;114222;1;470109;9300152122114222
9300152122;117768;1;470814;9300152122117768
9300152122;122826;1;470813;9300152122122826
9300152122;138038;1;472963;9300152122138038
9300152122;144626;1;474129;9300152122144626
9300152122;149831;1;474128;9300152122149831
9300152122;154529;1;474127;9300152122154529
9300152122;158407;1;474408;9300152122158407
9300153114;121698;1;472795;9300153114121698
9300153114;129726;1;472794;9300153114129726
9300153114;143151;1;473698;9300153114143151
9300152338;119803;1;475040;9300152338119803
9300152708;150017;1;475629;9300152708150017
9300152852;116434;1;470191;9300152852116434
9300152852;132467;1;472476;9300152852132467
9300152851;151578;1;475614;9300152851151578
9300152881;156587;1;474179;9300152881156587
9300152920;131359;1;472373;9300152920131359
9300153086;161824;1;475182;9300153086161824
9300153342;140807;1;473265;9300153342140807
9300153342;141927;1;473266;9300153342141927
9300153342;142744;1;473301;9300153342142744
9300153342;164580;1;475523;9300153342164580
8100054232;183179;1;485333;8100054232183179
8100054232;183521;1;485332;8100054232183521
9300154397;125968;1;474138;9300154397125968
9300154397;133358;1;474139;9300154397133358
9300153753;134088;1;475313;9300153753134088
9300153753;144021;1;475757;9300153753144021
9300154157;124118;1;470772;9300154157124118
9300154159;124117;1;470771;9300154159124117
9300154159;132284;1;472602;9300154159132284
9300154621;134051;1;472757;9300154621134051
8100054302;183165;1;485556;8100054302183165
8100054302;183510;1;485557;8100054302183510
9300154769;128003;1;474916;9300154769128003
9300154769;135183;1;475233;9300154769135183
9300154795;136346;1;472754;9300154795136346
9300154795;136347;1;472755;9300154795136347
9300154821;159159;1;474583;9300154821159159
9300154947;157842;1;474357;9300154947157842
9300150198;118883;1;470380;9300150198118883
9300150198;122354;1;470717;9300150198122354
9300150198;148063;1;473776;9300150198148063
9300133588;132176;1;462051;9300133588132176
9300133588;132179;1;462052;9300133588132179
9300133588;142373;1;462625;9300133588142373
9300133588;142403;1;462611;9300133588142403
9300133588;142412;1;462612;9300133588142412
9300133588;166175;1;464440;9300133588166175
9300133588;166178;1;464441;9300133588166178
9300133588;166181;1;464442;9300133588166181
9300133588;188818;1;468315;9300133588188818
9300133588;198561;1;468516;9300133588198561
9300133588;152428;1;473970;9300133588152428
9300142042;172857;1;464964;9300142042172857
9300142042;172864;1;464966;9300142042172864
9300142042;172877;1;464968;9300142042172877
9300142042;172903;1;464970;9300142042172903
9300142042;172935;1;464963;9300142042172935
9300142042;172937;1;464965;9300142042172937
9300142042;172939;1;464967;9300142042172939
9300142042;172940;1;464969;9300142042172940
9300142042;181501;1;466042;9300142042181501
9300142042;181511;1;467240;9300142042181511
9300142042;146530;1;473768;9300142042146530
9300149264;125780;1;472563;9300149264125780
9300149264;133478;1;472562;9300149264133478
9300144343;172438;1;464877;9300144343172438
9300149059;193099;1;472693;9300149059193099
9300149059;102235;1;473188;9300149059102235
9300149059;136704;1;475301;9300149059136704
9300149059;136845;1;475302;9300149059136845
9300149059;136846;1;475303;9300149059136846
9300149059;136847;1;475304;9300149059136847
7700000473;107427;1;401117;7700000473107427
7700000473;107839;1;401141;7700000473107839
7700000473;108340;1;401175;7700000473108340
9300147045;127505;1;471755;9300147045127505
8100054043;184117;1;485615;8100054043184117
8100054043;184736;1;485616;8100054043184736
9300153204;131845;1;472453;9300153204131845
9300152443;125664;1;472341;9300152443125664
9300153125;108881;1;469566;9300153125108881
9300153125;110546;1;473196;9300153125110546
9300153268;121734;1;474668;9300153268121734
9300150321;148064;1;473757;9300150321148064
9300149615;142586;1;475587;9300149615142586
9300149615;148117;1;473835;9300149615148117
9300150531;103096;1;469476;9300150531103096
9300150531;112129;1;470001;9300150531112129
9300150531;120454;1;472071;9300150531120454
9300150531;129221;1;472070;9300150531129221
9300150531;135925;1;473287;9300150531135925
9300150531;143956;1;473397;9300150531143956
9300150531;148751;1;473952;9300150531148751
9300150634;112130;1;470174;9300150634112130
9300150634;120687;1;472074;9300150634120687
9300150634;129245;1;472072;9300150634129245
9300150634;142869;1;473396;9300150634142869
9300150634;148413;1;473951;9300150634148413
9300150476;145316;1;475588;9300150476145316
9300150476;150852;1;475589;9300150476150852
9300150480;151617;1;473938;9300150480151617
9300150480;152405;1;473949;9300150480152405
9300154465;136036;1;472604;9300154465136036
9300154395;135595;1;472718;9300154395135595
9300154395;162941;1;475396;9300154395162941
9300154302;162768;1;475181;9300154302162768
9300154302;164631;1;475517;9300154302164631
9300154336;152331;1;474132;9300154336152331
9300154336;162769;1;475314;9300154336162769
9300154336;164643;1;475516;9300154336164643
9300154574;139784;1;473207;9300154574139784
9300154574;161716;1;474833;9300154574161716
9300154574;162359;1;475145;9300154574162359
9300154281;119973;1;470335;9300154281119973
9300154558;127704;1;472441;9300154558127704
9300154558;152637;1;473961;9300154558152637
9300154359;121008;1;470706;9300154359121008
9300154359;121009;1;470708;9300154359121009
9300154359;121010;1;470707;9300154359121010
9300154359;121011;1;470709;9300154359121011
9300154359;121012;1;470710;9300154359121012
9300154359;121013;1;470711;9300154359121013
9300154359;124713;1;471682;9300154359124713
9300154359;124718;1;471683;9300154359124718
9300154359;124760;1;471684;9300154359124760
9300154359;124763;1;471685;9300154359124763
9300154359;124765;1;471687;9300154359124765
9300154359;125271;1;471686;9300154359125271
9300154156;156907;1;474189;9300154156156907
8100053814;182149;1;485291;8100053814182149
8100053814;182345;1;485292;8100053814182345
8100053814;183720;1;485590;8100053814183720
8100053814;183780;1;485591;8100053814183780
8100053814;183796;1;485592;8100053814183796
8100053814;183804;1;485593;8100053814183804
8100053827;183906;1;485325;8100053827183906
9300151009;134903;1;475251;9300151009134903
9300151009;147497;1;475687;9300151009147497
9300151015;134902;1;475255;9300151015134902
9300151015;147501;1;475691;9300151015147501
9300151011;134904;1;475252;9300151011134904
9300151011;147498;1;475688;9300151011147498
9300151014;134912;1;475254;9300151014134912
9300151014;147500;1;475690;9300151014147500
9300151016;134911;1;475256;9300151016134911
9300151016;147502;1;475692;9300151016147502
9300151012;134910;1;475253;9300151012134910
9300151012;147499;1;475689;9300151012147499
9300152333;151472;1;475746;9300152333151472
9300151252;120631;1;470730;9300151252120631
9300151252;129000;1;472167;9300151252129000
9300151252;136235;1;472733;9300151252136235
9300151252;143084;1;473316;9300151252143084
9300151252;148647;1;473869;9300151252148647
9300151518;141031;1;475696;9300151518141031
9300151840;146346;1;475625;9300151840146346
9300151719;164264;1;475417;9300151719164264
9300151719;165261;1;475767;9300151719165261
9300153030;120268;1;472485;9300153030120268
9300153030;128883;1;472484;9300153030128883
9300152449;114221;1;470206;9300152449114221
9300152449;129582;1;472371;9300152449129582
9300152449;138255;1;472905;9300152449138255
9300152449;140085;1;472906;9300152449140085
9300152449;142417;1;473311;9300152449142417
9300152449;147663;1;473899;9300152449147663
9300152630;111737;1;469637;9300152630111737
9300152630;121751;1;470366;9300152630121751
9300152630;142963;1;473304;9300152630142963
9300152630;148986;1;473825;9300152630148986
9300152716;132757;1;472508;9300152716132757
9300152717;132752;1;472507;9300152717132752
9300152719;139727;1;473232;9300152719139727
9300153788;159282;1;475085;9300153788159282
9300153788;162496;1;475084;9300153788162496
9300153717;116631;1;473059;9300153717116631
9300154218;117830;1;473365;9300154218117830
9300154218;127015;1;474896;9300154218127015
9300154218;145601;1;475603;9300154218145601
9300154218;145896;1;475604;9300154218145896
9300154218;147079;1;475605;9300154218147079
9300154480;139558;1;475207;9300154480139558
9300154480;145600;1;475583;9300154480145600
8100054338;183020;1;484750;8100054338183020
8100054338;183020;2;484750;8100054338183020
8100054338;183020;3;484750;8100054338183020
8100054338;183020;4;484750;8100054338183020
8100054338;183020;5;484750;8100054338183020
8100054338;183020;6;484750;8100054338183020
8100054338;183020;7;484750;8100054338183020
8100054338;183020;8;484750;8100054338183020
8100054338;183020;9;484750;8100054338183020
8100054338;183020;10;484750;8100054338183020
8100054338;183020;11;484750;8100054338183020
8100054338;183020;12;484750;8100054338183020
9300154384;139475;1;475291;9300154384139475
9300154384;145708;1;475734;9300154384145708
9300154635;133600;1;475244;9300154635133600
9300154635;140362;1;475678;9300154635140362
9300154677;121033;1;470735;9300154677121033
9300154676;121032;1;470736;9300154676121032
9300154679;120928;1;470733;9300154679120928
9300154682;120933;1;470732;9300154682120933
9300154683;120934;1;470738;9300154683120934
9300154680;120930;1;470734;9300154680120930
9300154729;133413;1;474953;9300154729133413
9300154827;139062;1;475292;9300154827139062
9300154827;145172;1;475735;9300154827145172
9300155040;124719;1;471969;9300155040124719
9300155040;130420;1;472120;9300155040130420
9300155040;144391;1;473767;9300155040144391
9300155042;124723;1;471959;9300155042124723
9300155027;149185;1;473908;9300155027149185
9300155027;152110;1;473916;9300155027152110
9300155059;149101;1;473859;9300155059149101
9300155052;123701;1;484765;9300155052123701
8100053740;183270;1;485018;8100053740183270
8100053740;183682;1;485584;8100053740183682
8100053740;183887;1;485323;8100053740183887
8100053740;184141;1;485499;8100053740184141
8100053740;184396;1;485585;8100053740184396
8100053740;184497;1;485586;8100053740184497
7700000510;107476;1;401127;7700000510107476
7700000510;107678;1;401136;7700000510107678
7700000510;107709;1;401135;7700000510107709
7700000510;107710;1;401134;7700000510107710
7700000510;107711;1;401133;7700000510107711
7700000510;107712;1;401132;7700000510107712
7700000510;107713;1;401131;7700000510107713
7700000510;108123;1;401164;7700000510108123
8100047052;178562;1;483251;8100047052178562
8100048175;175848;1;482976;8100048175175848
8100048175;178052;1;483193;8100048175178052
8100049838;180397;1;483584;8100049838180397
9300005753;152131;1;406213;9300005753152131
9300013187;157501;1;407803;9300013187157501
9300013187;159394;1;407804;9300013187159394
9300013187;164709;1;410056;9300013187164709
9300013187;164710;1;410057;9300013187164710
9300013187;164711;1;410058;9300013187164711
9300013187;164712;1;410059;9300013187164712
9300022894;175909;1;412761;9300022894175909
9300022894;178697;1;413172;9300022894178697
9300022894;185458;1;414480;9300022894185458
9300022894;109635;1;418651;9300022894109635
9300022894;113512;1;418652;9300022894113512
9300033053;117019;1;419076;9300033053117019
9300033053;159345;1;425542;9300033053159345
9300043049;101969;1;429248;9300043049101969
9300050032;163441;1;425693;9300050032163441
9300050032;163442;1;425694;9300050032163442
9300050032;163512;1;425798;9300050032163512
9300050032;167111;1;425845;9300050032167111
9300050032;171922;1;427033;9300050032171922
9300050032;171924;1;427032;9300050032171924
9300050032;177866;1;427353;9300050032177866
9300050032;199231;1;428900;9300050032199231
9300052749;106004;1;429820;9300052749106004
9300052749;106014;1;429924;9300052749106014
9300052749;106032;1;429923;9300052749106032
9300052749;106036;1;429922;9300052749106036
9300052749;106043;1;429921;9300052749106043
9300052749;106048;1;429920;9300052749106048
9300052749;106052;1;429919;9300052749106052
9300052749;106054;1;429918;9300052749106054
9300052749;106062;1;429917;9300052749106062
9300052749;106064;1;429916;9300052749106064
9300052749;106075;1;429915;9300052749106075
9300052749;141724;1;440427;9300052749141724
9300052749;155446;1;436704;9300052749155446
9300052749;155447;1;436705;9300052749155447
9300052749;155448;1;436706;9300052749155448
9300052749;155449;1;436707;9300052749155449
9300052749;155450;1;436708;9300052749155450
9300052749;155451;1;436709;9300052749155451
9300052749;155452;1;436710;9300052749155452
9300052749;155453;1;436711;9300052749155453
9300052749;155454;1;436712;9300052749155454
9300052749;155455;1;436713;9300052749155455
9300052749;155457;1;436714;9300052749155457
9300052749;155456;1;436715;9300052749155456
9300052749;165174;1;437850;9300052749165174
9300058352;100230;1;428995;9300058352100230
9300058352;117863;1;430876;9300058352117863
9300058352;123861;1;431792;9300058352123861
9300058352;123879;1;431765;9300058352123879
9300058352;157205;1;436732;9300058352157205
9300058352;157210;1;436731;9300058352157210
9300058352;157213;1;436730;9300058352157213
9300058352;157229;1;436729;9300058352157229
9300058352;158349;1;436734;9300058352158349
9300058352;158347;1;436735;9300058352158347
9300058352;158346;1;436736;9300058352158346
9300061089;151951;1;436439;9300061089151951
9300062184;135396;1;433432;9300062184135396
9300069094;144444;1;435018;9300069094144444
9300069094;149127;1;435816;9300069094149127
9300069094;149225;1;435913;9300069094149225
9300069094;151428;1;436107;9300069094151428
9300069094;172040;1;438296;9300069094172040
9300069584;128841;1;444044;9300069584128841
9300070190;104464;1;441888;9300070190104464
9300070984;173934;1;438542;9300070984173934
9300070984;173935;1;438541;9300070984173935
9300070984;173936;1;438540;9300070984173936
9300070984;173937;1;438539;9300070984173937
9300070984;173938;1;438538;9300070984173938
9300070984;136054;1;444672;9300070984136054
9300070984;136075;1;444674;9300070984136075
9300070984;137676;1;444673;9300070984137676
9300070984;143857;1;445175;9300070984143857
9300070984;143858;1;445176;9300070984143858
9300070984;143860;1;445177;9300070984143860
9300071299;158544;1;437438;9300071299158544
9300078171;125864;1;443579;9300078171125864
9300078171;173026;1;447714;9300078171173026
9300075449;175723;1;447833;9300075449175723
9300076406;131531;1;444098;9300076406131531
9300081446;111830;1;442645;9300081446111830
9300079411;125994;1;443757;9300079411125994
9300079411;151227;1;445810;9300079411151227
9300080331;174459;1;450599;9300080331174459
9300080331;182618;1;450600;9300080331182618
9300083929;152026;1;445915;9300083929152026
9300083929;160654;1;446898;9300083929160654
9300083929;160655;1;447006;9300083929160655
9300087887;183457;1;449009;9300087887183457
9300087887;199542;1;449940;9300087887199542
9300088580;198315;1;449880;9300088580198315
9300083863;125743;1;444067;9300083863125743
9300083863;106184;1;450734;9300083863106184
9300083863;113844;1;450969;9300083863113844
9300088283;160972;1;447105;9300088283160972
9300088283;160975;1;447107;9300088283160975
9300088283;160985;1;447109;9300088283160985
9300088283;166044;1;447165;9300088283166044
9300088283;166054;1;447164;9300088283166054
9300088283;166057;1;447163;9300088283166057
9300088283;169318;1;448032;9300088283169318
9300088283;169323;1;448033;9300088283169323
9300088283;177161;1;448141;9300088283177161
9300088283;177162;1;448142;9300088283177162
9300088283;177163;1;448146;9300088283177163
9300088283;177164;1;448147;9300088283177164
9300088283;185379;1;448690;9300088283185379
9300088283;193383;1;449524;9300088283193383
9300092224;152165;1;445786;9300092224152165
9300092224;125945;1;451965;9300092224125945
9300093278;158097;1;446482;9300093278158097
9300093278;158105;1;446481;9300093278158105
9300093278;158113;1;446480;9300093278158113
9300093278;158123;1;446479;9300093278158123
9300093278;158125;1;446478;9300093278158125
9300093278;158126;1;446477;9300093278158126
9300093278;158127;1;446483;9300093278158127
9300093278;158134;1;446476;9300093278158134
9300093278;158135;1;446475;9300093278158135
9300093278;158137;1;446474;9300093278158137
9300093278;158139;1;446473;9300093278158139
9300093278;159469;1;446472;9300093278159469
9300093278;160778;1;446634;9300093278160778
9300093278;192033;1;449339;9300093278192033
9300093278;107796;1;450431;9300093278107796
9300099481;178380;1;448316;9300099481178380
9300099481;178394;1;448315;9300099481178394
9300099481;178449;1;448209;9300099481178449
9300099481;178463;1;448210;9300099481178463
9300099481;178467;1;448150;9300099481178467
9300099481;178469;1;448211;9300099481178469
9300099481;178471;1;448336;9300099481178471
9300099481;178928;1;448314;9300099481178928
9300099481;189419;1;449763;9300099481189419
9300099481;189422;1;449757;9300099481189422
9300099481;189428;1;449766;9300099481189428
9300099481;189431;1;449765;9300099481189431
9300099481;189437;1;449758;9300099481189437
9300099481;189447;1;449759;9300099481189447
9300099481;189479;1;449761;9300099481189479
9300099481;189483;1;449790;9300099481189483
9300099481;189488;1;449769;9300099481189488
9300099481;189545;1;449767;9300099481189545
9300099481;189551;1;449764;9300099481189551
9300099481;197675;1;449836;9300099481197675
9300099481;198294;1;449889;9300099481198294
9300099481;105653;1;450342;9300099481105653
9300099481;105977;1;450349;9300099481105977
9300099481;113897;1;451017;9300099481113897
9300099481;113899;1;451018;9300099481113899
9300099481;138598;1;453220;9300099481138598
9300099481;138599;1;453219;9300099481138599
9300099481;138710;1;453110;9300099481138710
9300099481;146533;1;453890;9300099481146533
9300099481;146539;1;453891;9300099481146539
9300099481;146732;1;453752;9300099481146732
9300099481;154781;1;454629;9300099481154781
9300099481;154812;1;454686;9300099481154812
9300099481;154816;1;454555;9300099481154816
9300099481;154906;1;454630;9300099481154906
9300100694;166267;1;455497;9300100694166267
9300100694;166265;1;455900;9300100694166265
9300100694;174380;1;456255;9300100694174380
9300104265;197245;1;458434;9300104265197245
9300104265;197246;1;458435;9300104265197246
9300104265;197247;1;458436;9300104265197247
9300104265;197248;1;458437;9300104265197248
9300104265;197249;1;458441;9300104265197249
9300104265;197250;1;458442;9300104265197250
9300104265;197251;1;458443;9300104265197251
9300104265;197252;1;458444;9300104265197252
9300107076;148077;1;453916;9300107076148077
9300106125;172407;1;456861;9300106125172407
9300112271;101330;1;459201;9300112271101330
9300112271;109666;1;459938;9300112271109666
9300112271;125451;1;460935;9300112271125451
9300110419;144818;1;453566;9300110419144818
9300110419;144852;1;453756;9300110419144852
9300110419;146992;1;453848;9300110419146992
9300110419;153108;1;454385;9300110419153108
9300110419;193782;1;458366;9300110419193782
9300112964;185862;1;457539;9300112964185862
9300112964;185865;1;457538;9300112964185865
9300112964;102134;1;459221;9300112964102134
9300116085;114845;1;460324;9300116085114845
9300116085;117277;1;460353;9300116085117277
9300116085;130384;1;462107;9300116085130384
9300116085;130385;1;462106;9300116085130385
9300116085;130386;1;462111;9300116085130386
9300116085;130387;1;462109;9300116085130387
9300116085;130388;1;462113;9300116085130388
9300116085;130389;1;462110;9300116085130389
9300116085;130390;1;462108;9300116085130390
9300116085;130391;1;462116;9300116085130391
9300117519;141459;1;463036;9300117519141459
9300113417;182424;1;460470;9300113417182424
9300113417;189461;1;461134;9300113417189461
9300126311;117794;1;460356;9300126311117794
9300126311;167182;1;464558;9300126311167182
9300126311;102027;1;468918;9300126311102027
9300128167;125422;1;460845;9300128167125422
9300128380;174939;1;465048;9300128380174939
9300128380;197361;1;468925;9300128380197361
9300130631;162647;1;464308;9300130631162647
9300130631;198863;1;468790;9300130631198863
9300134578;164830;1;464491;9300134578164830
9300134578;164837;1;464492;9300134578164837
9300134578;166756;1;464512;9300134578166756
9300134578;125401;1;472089;9300134578125401
9300136417;162809;1;464431;9300136417162809
9300136417;188558;1;468669;9300136417188558
9300136417;198789;1;468667;9300136417198789
9300134831;126084;1;471705;9300134831126084
9300134831;133078;1;472505;9300134831133078
9300134831;133730;1;472460;9300134831133730
9300134554;140811;1;462534;9300134554140811
9300134554;140818;1;462533;9300134554140818
9300134554;140927;1;462691;9300134554140927
9300134554;140954;1;462690;9300134554140954
9300134554;140975;1;462692;9300134554140975
9300134554;143959;1;462694;9300134554143959
9300134554;143961;1;462693;9300134554143961
9300134554;149653;1;463131;9300134554149653
9300134554;140852;1;472937;9300134554140852
9300134554;140862;1;473632;9300134554140862
9300134554;140863;1;473631;9300134554140863
9300134554;140864;1;473635;9300134554140864
9300134554;144227;1;473634;9300134554144227
9300134554;145825;1;473633;9300134554145825
9300134554;146535;1;473647;9300134554146535
9300134320;192638;1;468067;9300134320192638
9300140851;124637;1;470737;9300140851124637
9300140851;124642;1;470797;9300140851124642
9300138981;130769;1;472175;9300138981130769
9300138981;151223;1;473906;9300138981151223
9300134542;148711;1;463215;9300134542148711
9300134542;151736;1;463969;9300134542151736
9300134542;156933;1;463968;9300134542156933
9300135289;164173;1;464100;9300135289164173
9300135289;164174;1;464101;9300135289164174
9300135289;164176;1;464102;9300135289164176
9300135289;164177;1;464517;9300135289164177
9300135289;164178;1;464103;9300135289164178
9300135289;164179;1;464518;9300135289164179
9300135289;164565;1;464516;9300135289164565
9300135289;164594;1;464514;9300135289164594
9300135289;199338;1;468979;9300135289199338
9300135289;199370;1;468980;9300135289199370
9300135289;125970;1;471712;9300135289125970
9300135289;125978;1;471713;9300135289125978
9300136024;146004;1;463289;9300136024146004
9300136024;146006;1;463326;9300136024146006
9300136024;146007;1;463327;9300136024146007
9300136024;146009;1;463328;9300136024146009
9300136024;146005;1;463325;9300136024146005
9300136024;154081;1;463814;9300136024154081
9300136024;158663;1;463813;9300136024158663
9300136024;160707;1;464320;9300136024160707
9300136024;164320;1;464644;9300136024164320
9300136024;164326;1;464319;9300136024164326
9300136024;132928;1;472477;9300136024132928
9300136024;132942;1;472479;9300136024132942
9300144985;174415;1;465010;9300144985174415
9300143435;193405;1;468224;9300143435193405
9300144091;175994;1;465841;9300144091175994
9300142953;199820;1;469095;9300142953199820
9300147329;191189;1;467765;9300147329191189
9300147329;151178;1;473927;9300147329151178
9300147329;151179;1;473939;9300147329151179
9300147329;152271;1;473940;9300147329152271
9300139627;130572;1;472132;9300139627130572
9300140697;119194;1;470236;9300140697119194
9300147051;183820;1;466171;9300147051183820
9300145506;158084;1;474353;9300145506158084
9300145652;119526;1;470755;9300145652119526
9300143880;177862;1;465825;9300143880177862
9300143880;197726;1;468665;9300143880197726
9300143880;105602;1;469230;9300143880105602
9300143880;131826;1;472498;9300143880131826
9300147975;194158;1;468468;9300147975194158
9300147975;194166;1;468458;9300147975194166
9300147975;198713;1;468915;9300147975198713
9300147975;102202;1;468914;9300147975102202
9300147975;111713;1;469767;9300147975111713
9300147975;120980;1;472112;9300147975120980
9300147975;128683;1;472109;9300147975128683
9300147975;130399;1;472129;9300147975130399
9300147975;152934;1;474178;9300147975152934
9300147975;157030;1;474177;9300147975157030
9300147975;157048;1;474350;9300147975157048
9300147975;157049;1;474349;9300147975157049
9300147975;163134;1;475376;9300147975163134
9300145008;175108;1;465886;9300145008175108
9300145008;175109;1;465884;9300145008175109
9300145481;179165;1;466027;9300145481179165
9300147660;197373;1;468404;9300147660197373
9300147660;197376;1;468403;9300147660197376
9300108688;131106;1;452363;9300108688131106
9300108688;131195;1;452371;9300108688131195
9300108688;131206;1;452374;9300108688131206
9300108688;131212;1;452381;9300108688131212
9300108688;131608;1;452410;9300108688131608
9300108688;157563;1;454856;9300108688157563
9300108688;180913;1;457099;9300108688180913
9300108688;196333;1;483006;9300108688196333
9300108688;196456;1;458523;9300108688196456
9300152405;139882;1;472892;9300152405139882
8100053146;182375;1;484648;8100053146182375
9300150909;158649;1;474381;9300150909158649
9300150909;161537;1;474801;9300150909161537
9300150909;161538;1;475149;9300150909161538
9300150909;161541;1;475147;9300150909161541
9300150909;161551;1;475148;9300150909161551
9300099050;169949;1;455963;9300099050169949
9300152174;119393;1;470719;9300152174119393
9300144984;174792;1;467657;9300144984174792
9300144984;174793;1;467656;9300144984174793
9300144984;174794;1;467655;9300144984174794
9300144984;174795;1;467654;9300144984174795
9300144984;174796;1;467653;9300144984174796
9300144984;174797;1;467652;9300144984174797
9300144984;174798;1;467651;9300144984174798
9300144984;174799;1;467650;9300144984174799
9300144984;174800;1;467649;9300144984174800
9300144984;174801;1;467648;9300144984174801
9300144984;174802;1;467647;9300144984174802
9300144984;174803;1;467646;9300144984174803
9300144984;174962;1;474592;9300144984174962
9300144984;174977;1;469655;9300144984174977
9300144984;174978;1;470404;9300144984174978
9300144984;174979;1;472608;9300144984174979
9300144984;174980;1;472977;9300144984174980
9300144984;174981;1;472978;9300144984174981
9300144984;174983;1;474023;9300144984174983
9300144984;174984;1;474022;9300144984174984
9300144984;174985;1;474021;9300144984174985
9300144984;174988;1;474020;9300144984174988
9300144984;174989;1;474019;9300144984174989
9300144984;174990;1;474018;9300144984174990
9300144984;174991;1;474017;9300144984174991
9300144984;174992;1;469656;9300144984174992
9300144984;174993;1;470405;9300144984174993
9300144984;174994;1;472609;9300144984174994
9300144984;174995;1;472979;9300144984174995
9300144984;174996;1;472980;9300144984174996
9300144984;174998;1;474030;9300144984174998
9300144984;174999;1;474029;9300144984174999
9300144984;175000;1;474028;9300144984175000
9300144984;175001;1;474027;9300144984175001
9300144984;175003;1;474026;9300144984175003
9300144984;175004;1;474025;9300144984175004
9300144984;175005;1;474024;9300144984175005
9300144984;175030;1;469657;9300144984175030
9300144984;175032;1;470406;9300144984175032
9300144984;175034;1;472610;9300144984175034
9300144984;175036;1;472981;9300144984175036
9300144984;175039;1;472982;9300144984175039
9300144984;175040;1;474037;9300144984175040
9300144984;175042;1;474036;9300144984175042
9300144984;175045;1;474035;9300144984175045
9300144984;175046;1;474034;9300144984175046
9300144984;175047;1;474033;9300144984175047
9300144984;175048;1;474032;9300144984175048
9300144984;175050;1;474031;9300144984175050
9300144984;175132;1;472983;9300144984175132
9300144984;175133;1;472984;9300144984175133
9300144984;175134;1;474593;9300144984175134
9300144984;175138;1;474766;9300144984175138
9300144984;175140;1;474762;9300144984175140
9300144984;175141;1;474761;9300144984175141
9300144984;175158;1;469658;9300144984175158
9300144984;175159;1;470407;9300144984175159
9300144984;175160;1;472611;9300144984175160
9300144984;175161;1;472985;9300144984175161
9300144984;175162;1;472986;9300144984175162
9300144984;175163;1;474044;9300144984175163
9300144984;175164;1;474043;9300144984175164
9300144984;175165;1;474042;9300144984175165
9300144984;175168;1;474041;9300144984175168
9300144984;175169;1;474040;9300144984175169
9300144984;175170;1;474039;9300144984175170
9300144984;175171;1;474038;9300144984175171
8100053836;184474;1;485518;8100053836184474
8100053836;184475;1;485544;8100053836184475
8100053836;184476;1;485550;8100053836184476
8100053836;184477;1;485548;8100053836184477
8100053836;184478;1;485547;8100053836184478
8100053836;184479;1;485545;8100053836184479
8100053836;184480;1;485542;8100053836184480
8100053836;184481;1;485543;8100053836184481
8100053836;184482;1;485549;8100053836184482
8100053836;184483;1;485546;8100053836184483
9300146075;149491;1;475547;9300146075149491
9300146075;154015;1;475791;9300146075154015
9300146082;149279;1;475548;9300146082149279
9300146082;154017;1;475792;9300146082154017
9300146175;143730;1;475551;9300146175143730
9300146175;149254;1;475552;9300146175149254
9300146211;149244;1;475553;9300146211149244
9300146211;153725;1;475795;9300146211153725
9300146353;119045;1;474192;9300146353119045
9300146353;119634;1;474193;9300146353119634
9300146353;119636;1;474194;9300146353119636
9300146353;121247;1;474195;9300146353121247
9300146358;113241;1;472989;9300146358113241
9300146358;130443;1;474844;9300146358130443
9300146358;143665;1;475554;9300146358143665
9300146358;144015;1;475555;9300146358144015
9300146375;149336;1;475557;9300146375149336
9300146375;153777;1;475797;9300146375153777
9300146415;119046;1;474196;9300146415119046
9300146415;119639;1;474197;9300146415119639
9300146415;119640;1;474198;9300146415119640
9300146415;121810;1;474199;9300146415121810
9300146541;186668;1;467306;9300146541186668
9300146541;143325;1;475563;9300146541143325
9300146541;149382;1;475564;9300146541149382
9300146818;195387;1;471596;9300146818195387
9300146818;104117;1;471595;9300146818104117
9300146818;126597;1;474853;9300146818126597
9300146818;129758;1;474854;9300146818129758
9300148333;190607;1;470660;9300148333190607
9300148333;190608;1;470661;9300148333190608
9300148333;190609;1;472613;9300148333190609
9300148333;190610;1;472998;9300148333190610
9300148333;190611;1;473744;9300148333190611
9300148333;190612;1;473743;9300148333190612
9300148333;190613;1;473742;9300148333190613
9300148333;190614;1;473741;9300148333190614
9300148333;190615;1;473725;9300148333190615
9300148333;190617;1;473724;9300148333190617
9300148333;190619;1;473723;9300148333190619
9300148333;190620;1;473722;9300148333190620
9300148333;190622;1;470662;9300148333190622
9300148333;190623;1;470663;9300148333190623
9300148333;190625;1;472614;9300148333190625
9300148333;190626;1;472999;9300148333190626
9300148333;190627;1;473000;9300148333190627
9300148333;190629;1;474016;9300148333190629
9300148333;190630;1;474015;9300148333190630
9300148333;190631;1;474014;9300148333190631
9300148333;190632;1;474013;9300148333190632
9300148333;190633;1;474012;9300148333190633
9300148333;190636;1;474009;9300148333190636
9300148333;190637;1;474008;9300148333190637
9300146695;186813;1;467507;9300146695186813
9300137093;134694;1;475184;9300137093134694
9300137093;134761;1;475185;9300137093134761
9300137093;134762;1;475186;9300137093134762
9300137093;134764;1;475187;9300137093134764
9300137093;134765;1;475188;9300137093134765
9300149621;194446;1;472627;9300149621194446
9300149621;194447;1;472628;9300149621194447
9300149621;194448;1;472629;9300149621194448
9300149621;194449;1;473037;9300149621194449
9300149621;198255;1;472630;9300149621198255
9300147174;185052;1;467277;9300147174185052
9300147174;188639;1;467566;9300147174188639
9300147174;106425;1;469547;9300147174106425
9300147174;106426;1;469836;9300147174106426
9300147174;106427;1;469549;9300147174106427
9300147174;106428;1;469892;9300147174106428
9300147174;106431;1;469550;9300147174106431
9300147174;123782;1;472534;9300147174123782
9300147174;123783;1;472536;9300147174123783
9300147174;123784;1;472538;9300147174123784
9300147174;125096;1;471931;9300147174125096
9300147174;131861;1;472535;9300147174131861
9300147174;131860;1;472533;9300147174131860
9300147174;131863;1;472537;9300147174131863
9300147174;145714;1;473380;9300147174145714
9300140303;160240;1;463886;9300140303160240
9300142090;144419;1;475601;9300142090144419
9300142090;149789;1;475602;9300142090149789
9300142088;144418;1;475599;9300142088144418
9300142088;149788;1;475600;9300142088149788
9300145289;140200;1;475648;9300145289140200
9300145289;146310;1;475649;9300145289146310
9300148332;151949;1;475941;9300148332151949
9300148332;152301;1;475942;9300148332152301
8100052640;183989;1;485629;8100052640183989
8100052640;184204;1;485630;8100052640184204
9300145513;198054;1;472691;9300145513198054
9300145513;107266;1;473180;9300145513107266
9300145513;137358;1;475297;9300145513137358
9300145513;138549;1;475298;9300145513138549
9300145513;139552;1;475299;9300145513139552
9300144346;135131;1;475312;9300144346135131
9300144346;141852;1;475756;9300144346141852
9300147380;136983;1;475172;9300147380136983
9300147380;148944;1;475173;9300147380148944
9300145573;199942;1;473182;9300145573199942
9300145573;108325;1;473181;9300145573108325
9300145573;141564;1;475742;9300145573141564
9300145573;142258;1;475743;9300145573142258
9300145573;142538;1;475744;9300145573142538
9300145573;143103;1;475745;9300145573143103
9300144722;142928;1;473707;9300144722142928
9300144722;147495;1;473823;9300144722147495
9300144722;148449;1;473822;9300144722148449
9300144722;149728;1;475544;9300144722149728
9300144722;153362;1;475789;9300144722153362
9300148690;133588;1;475420;9300148690133588
9300148690;140366;1;475421;9300148690140366
9300149716;111177;1;469644;9300149716111177
9300149716;111195;1;469645;9300149716111195
9300149716;111202;1;469646;9300149716111202
9300149716;111203;1;469647;9300149716111203
9300149716;111210;1;469648;9300149716111210
9300149716;142506;1;473295;9300149716142506
9300149716;142507;1;473294;9300149716142507
9300149716;142778;1;473356;9300149716142778
9300149716;144976;1;473357;9300149716144976
9300148525;143813;1;475729;9300148525143813
9300148525;148593;1;475730;9300148525148593
9300151090;113866;1;469997;9300151090113866
8100054436;183607;1;485023;8100054436183607
8100054436;183919;1;485322;8100054436183919
8100054436;183944;1;485620;8100054436183944
8100054436;184135;1;485621;8100054436184135
9300149535;140000;1;472928;9300149535140000
9300149535;146446;1;473666;9300149535146446
9300151275;103713;1;469160;9300151275103713
9300149541;159584;1;474727;9300149541159584
8100053835;184174;1;485495;8100053835184174
8100053835;184349;1;485508;8100053835184349
8100053835;184417;1;485509;8100053835184417
9300153090;108895;1;473004;9300153090108895
9300149610;116888;1;470104;9300149610116888
9300151937;105042;1;469907;9300151937105042
9300151937;110180;1;469885;9300151937110180
9300151387;152834;1;474011;9300151387152834
9300151177;162942;1;475384;9300151177162942
9300151177;162944;1;475388;9300151177162944
9300151177;164525;1;475411;9300151177164525
9300145893;139563;1;475221;9300145893139563
9300145893;145373;1;475405;9300145893145373
9300145893;163312;1;475406;9300145893163312
9300145893;163639;1;475407;9300145893163639
9300145893;163831;1;475408;9300145893163831
9300145893;164064;1;475379;9300145893164064
9300145915;133765;1;475030;9300145915133765
9300145915;140595;1;475279;9300145915140595
9300145915;162402;1;475724;9300145915162402
9300145915;162558;1;475725;9300145915162558
9300145915;162807;1;475726;9300145915162807
9300145915;162808;1;475381;9300145915162808
9300147266;145433;1;475607;9300147266145433
8100052855;182084;1;485539;8100052855182084
8100052855;182500;1;485540;8100052855182500
9300148477;103719;1;473109;9300148477103719
9300148477;143833;1;474106;9300148477143833
9300148477;148603;1;474107;9300148477148603
9300149223;112001;1;469838;9300149223112001
9300149223;114821;1;473027;9300149223114821
9300149224;112002;1;469839;9300149224112002
9300153238;134695;1;472745;9300153238134695
8100054221;184443;1;485512;8100054221184443
9300153327;154710;1;474076;9300153327154710
9300070734;176474;1;438611;9300070734176474
9300147821;139718;1;472965;9300147821139718
9300123585;117285;1;460413;9300123585117285
9300123585;117362;1;460412;9300123585117362
9300123585;125124;1;460847;9300123585125124
9300123585;125125;1;460853;9300123585125125
9300123585;125127;1;460852;9300123585125127
9300123585;125132;1;460795;9300123585125132
9300123585;125137;1;460854;9300123585125137
9300123585;125145;1;460855;9300123585125145
9300123585;149631;1;463144;9300123585149631
9300123585;157492;1;463620;9300123585157492
9300123585;166097;1;464336;9300123585166097
9300123585;166160;1;470898;9300123585166160
9300123585;173795;1;464988;9300123585173795
9300094395;157582;1;447106;9300094395157582
9300094395;157588;1;447108;9300094395157588
9300094395;157592;1;447110;9300094395157592
9300094395;157595;1;447111;9300094395157595
9300094395;157597;1;447112;9300094395157597
9300094395;157599;1;447114;9300094395157599
9300094395;166190;1;447787;9300094395166190
9300094395;169720;1;447333;9300094395169720
9300094395;173652;1;447834;9300094395173652
9300094395;173653;1;447786;9300094395173653
9300094395;173659;1;447836;9300094395173659
9300094395;173660;1;447837;9300094395173660
9300094395;173661;1;447838;9300094395173661
9300094395;173662;1;447839;9300094395173662
9300094395;198454;1;450157;9300094395198454
9300094395;121088;1;451990;9300094395121088
9300094395;121090;1;451991;9300094395121090
9300094395;121091;1;451993;9300094395121091
9300094395;121093;1;451994;9300094395121093
9300094395;121095;1;451995;9300094395121095
9300094395;121096;1;451996;9300094395121096
9300094395;130115;1;452450;9300094395130115
7700000499;106819;1;401033;7700000499106819
7700000499;107146;1;401079;7700000499107146
7700000499;107305;1;401100;7700000499107305
9300080182;145872;1;445463;9300080182145872
9300080182;170795;1;447773;9300080182170795
9300135480;115975;1;470302;9300135480115975
9300135480;124570;1;472116;9300135480124570
9300143274;183838;1;467030;9300143274183838
9300143274;183840;1;467060;9300143274183840
9300143274;183841;1;467167;9300143274183841
9300143274;183842;1;467066;9300143274183842
9300143274;183843;1;467080;9300143274183843
9300143274;183844;1;467099;9300143274183844
9300112240;160312;1;454836;9300112240160312
9300112240;160316;1;455100;9300112240160316
9300112240;160317;1;455099;9300112240160317
9300112240;160320;1;455098;9300112240160320
9300111531;142679;1;453518;9300111531142679
9300111531;142680;1;453523;9300111531142680
9300111531;142681;1;453527;9300111531142681
9300111531;142683;1;453529;9300111531142683
9300111531;142684;1;453532;9300111531142684
9300111531;142685;1;453535;9300111531142685
9300111531;142686;1;453538;9300111531142686
9300111531;142687;1;453544;9300111531142687
9300111531;142688;1;453516;9300111531142688
9300111531;142694;1;453520;9300111531142694
9300111531;142696;1;453522;9300111531142696
9300111531;142703;1;453526;9300111531142703
9300111531;142710;1;453533;9300111531142710
9300111531;142713;1;453539;9300111531142713
9300111531;142718;1;453542;9300111531142718
9300111531;142722;1;453545;9300111531142722
9300111531;142855;1;453514;9300111531142855
9300111531;142856;1;453519;9300111531142856
9300111531;142857;1;453525;9300111531142857
9300111531;142858;1;453528;9300111531142858
9300111531;142859;1;453531;9300111531142859
9300111531;142860;1;453534;9300111531142860
9300111531;142861;1;453537;9300111531142861
9300111531;142862;1;453540;9300111531142862
9300111531;142863;1;453515;9300111531142863
9300111531;142864;1;453517;9300111531142864
9300111531;142865;1;453521;9300111531142865
9300111531;142866;1;453524;9300111531142866
9300111531;142867;1;453530;9300111531142867
9300111531;142868;1;453536;9300111531142868
9300111531;142869;1;453541;9300111531142869
9300111531;142870;1;453543;9300111531142870
9300111531;158083;1;455198;9300111531158083
9300111531;181661;1;457523;9300111531181661
9300141513;187517;1;467719;9300141513187517